time,AAPL UW Equity,GOOGL UW Equity,GOOG UW Equity,MSFT UW Equity,BRK/B US Equity,AMZN UW Equity,FB UW Equity,JNJ UN Equity,XOM UN Equity,JPM UN Equity,WFC UN Equity,GE UN Equity,T UN Equity,BAC UN Equity,PG UN Equity,WMT UN Equity,CVX UN Equity,V UN Equity,PFE UN Equity,VZ UN Equity,MRK UN Equity,KO UN Equity,HD UN Equity,CMCSA UW Equity,DIS UN Equity,ORCL UN Equity,CSCO UW Equity,PM UN Equity,C UN Equity,IBM UN Equity,INTC UW Equity,UNH UN Equity,PEP UN Equity,MO UN Equity,AMGN UW Equity,MA UN Equity,MMM UN Equity,MDT UN Equity,BA UN Equity,KHC UW Equity,SLB UN Equity,MCD UN Equity,GS UN Equity,ABBV UN Equity,CHTR UW Equity,HON UN Equity,CELG UW Equity,BMY UN Equity,NKE UN Equity,USB UN Equity,LLY UN Equity,UPS UN Equity,WBA UW Equity,GILD UW Equity,UTX UN Equity,AVGO UW Equity,UNP UN Equity,MS UN Equity,RAI UN Equity,PCLN UW Equity,QCOM UW Equity,CVS UN Equity,SBUX UW Equity,ACN UN Equity,AGN UN Equity,TXN UW Equity,ABT UN Equity,LMT UN Equity,DOW UN Equity,TWX UN Equity,COST UW Equity,AXP UN Equity,LOW UN Equity,DD UN Equity,MDLZ UW Equity,CL UN Equity,CB UN Equity,BIIB UW Equity,BLK UN Equity,AIG UN Equity,PNC UN Equity,TMO UN Equity,NEE UN Equity,NFLX UW Equity,DHR UN Equity,ADBE UW Equity,CRM UN Equity,MET UN Equity,NVDA UW Equity,GD UN Equity,COP UN Equity,DUK UN Equity,SCHW UN Equity,FOXA UW Equity,FOX UW Equity,SPG UN Equity,GM UN Equity,EOG UN Equity,CAT UN Equity,PYPL UW Equity,FDX UN Equity,TJX UN Equity,MON UN Equity,BK UN Equity,F UN Equity,SO UN Equity,AMT UN Equity,SYK UN Equity,PRU UN Equity,KMI UN Equity,OXY UN Equity,D UN Equity,KMB UN Equity,ADP UW Equity,ITW UN Equity,AET UN Equity,RTN UN Equity,HAL UN Equity,COF UN Equity,CSX UW Equity
2000/03,1945,,,5656,5738,573.9,,7319,47780,14795,6421,29925,12553,14138,9783,42985,11531,,7161,14532,8851.4,4391,11112,1938.9,6307,2449.4,4933,,26815,19348,7993,5099,4191,15590,814.1,,4075,1259.3,9910,,2137.4,3343.8,7964,,,6044,14.6,4451,2161.6,2359,2451.1,7220,5608.8,47.7,6390,,2906,11583,1904,313.8,727.7,4739.5,506.7,,177.2,2761,3353.2,5435,7269,8316,7737,5657,4467.1,7593,6460,2241.8,1344.5,27,108.1,10890,1889,576.6,1468,,867.8,282.2,,7607,148.5,2546,4735,7290,1726,,,477.9,,259.3,4919,,4518.1,2108.1,1321,1770,42904,2051.6,,562.1,,,2508,2069,3387.2,1719.7,2405,,4231,2839,1170.5,2034
2000/06,1825,,,5804,5825,577.9,,7670,49479,14479,6678,32727,13191,14243,9661,46112,13049,,6989,16769,9477.1,5621,12618,1912.1,6053,3374.3,5768,,27059,21651,8300,5220,4928,16423,914.4,,4243,1310.4,14841,,2338.3,3560.6,8196,,,6309,19.8,4418,2272.7,1732.3,2621.5,7284,5394.1,50.1,6961,,2966,11712,2053,352.1,713.5,4942.8,557.5,,200.2,2932,3370.2,6070,7586,8908,6894.6,5970,5264.3,7914,6974,2336.7,1318.8,39,112.6,11364,1908,580,1670,,890.8,300.1,,8011,170.4,2617,5331,10926,1736.7,,,487.7,,321.7,5363,,4848.8,2258.2,2007,1887,44499,2522.7,,566.5,,,3128,2051,3464.5,1724.2,2577.4,,4124,2854,1247.3,2071
2000/09,1870,,,5766,7486,637.9,,7438,52178,14754,6925,31901,13422,14921,9969,45676,13345,,7158,16533,10567.5,5543,11545,1960,6034,2288,6519,,28624,21781,8731,5369,6421,15757,949.5,,4270,1361.9,11877,,2447.3,3749,8851,,,6216,22.8,4563,2636.7,1780.5,2811.9,7367,5380.8,45.2,6465,,3054,11726,2089,0,614.7,4916.4,580,,179.3,3149,3317.9,5721,7448,8758,10589.2,5981,4504.1,6445,6215,2366.5,1359.6,42.8,127.7,12225,1901,546.9,2087,,986.8,328.9,,7674,198.2,2502,5109,15284,1680.1,,,493.9,,398.1,4779,,4778.7,2461.4,1003,1892,40055,3197.4,,548.4,,,3805,2344,3529.5,1544.1,2472.3,,4160,3002,1428.2,2039
2000/12,1007,,,6550,10940,972.4,,7298,56646,14922,8916,34864,12239,14470,10182,56556,32219,,8167,16873,11467.2,4733,10463,2407.6,7433,2686,6748,,29328,25616,8702,5434,9939,15506,951.4,,4136,1361.6,14693,,2688.5,3589.6,7989,,,6454,27.3,4784,2198.7,11083.9,2977.7,7900,5614.2,55.3,6767,,2952,9964,2041,228.2,684,5488.8,667.4,2831,254.8,3033,3704.7,7315,7231,10231,7637.3,6067,4543.1,6316,6883,2412.9,1243.8,50.7,128.5,19696,1925,577,1857,,1032.4,355.2,,8426,218.2,2691,5660,14284,1692.6,,,561.3,,502.4,5114,,4894.9,2751.3,1159,1937,42600,2294.3,,612.4,,,3942,2782,3600.8,1639.8,2390.2,6598.4,4380,3193,1578.3,2047
2001/03,1431,,,6403,7853,700.4,,7855,50782,15015,7295,30434,11190,14013,9511,48052,27248,,7584,16266,11345.1,3959,12200,2232,6049,2696,4728,,29804,20309,6677,5680,4700,17982,901.6,,4164,1518.9,13293,,3013.7,3511.7,9502,,,5944,22.4,4589,2170.1,4419.7,2805.7,7435,6429,57.8,6671,,2943,12681,1456,269.7,713.3,5385.9,629.3,2881.7,296.8,2528,3559.9,4747,7386,9117,8306.3,5719,5276.4,6859,7197,2292.6,1554.2,56.5,133.7,13110,1887,573.1,1941,,1005.3,329,,7790,240.9,2673,5290,5553,1532,,,490.7,,596.7,4810,,4838.8,2270.9,1306,1891,42446,2269.5,,634.2,6747,,4475,3198,3323.2,1853.8,2295.8,6428.7,3772,3126,1706.5,2025
2001/06,1475,,,6577,9996,667.6,,8179,49875,12559,5361,31821,11477,13659,9582,52799,29120,,7622,16909,11893.1,4653,14576,2338.7,5960,3291,4298,,27854,20834,6334,5813,5865,16412,986.7,,4073,1455.7,15516,,3634.6,3707.5,8158,,,6066,23.9,4286,2483.3,4091.4,3033.5,7491,6296.2,50.7,7332,,2998,12605,1704,364.8,640,5494.2,662.8,2953.3,299,2037,4099.1,5688,7344,9202,7718.9,5268,6126.7,6997,7473,2238.7,1598.1,64.8,135.3,13405,1812,542.5,2166,,956.6,344.1,,7663,259.9,2962,5334,4127,1328,,,488.3,,430.7,5488,,5116.6,2487.6,2011,1781,42314,2561.8,,639,7168,,3845,2309,3534.2,1853.1,2417.5,6536.4,4307,3310,1763.4,2057
2001/09,1450,,,6126,9228,639.3,,8058,45816,12399,7095,29454,11338,12848,9766,52738,23750,,7824,17004,11919.6,4695,13289,2400.8,5786,2265,4448,,24482,19783,6545,5941,5981,18111,1003.1,,3961,1571.2,13686,,3624.4,3879.3,7360,,,5789,26.2,4500,2613.7,4026.7,2874.4,7398,6283.6,50.9,6920,,3026,10332,1628,302,650.8,5410.8,689.5,2777.7,270.9,1849,4181.2,6221,6729,9068,11134.5,5724,5454.5,5641,7018,2304.9,1531.6,69.6,134.8,14001,1704,512.9,2490,,901.6,292.1,,7818,365,3020,5534,4552,1198,,,500.6,,295,5056,,5037,2741.8,936,1819,36324,3164.5,,619.3,6356,,3285,2544,3373.7,1607.9,2301.2,6185.9,3755,3365,1899.3,2019
2001/12,1375,,,7741,9181,1115.2,,8403,40335,10456,7191,33970,11903,12596,10403,64210,21498,,5994,17011,12557.9,4238,13488,2824.1,7048,2380,4816,,23474,22141,6983,6020,7986,17982,1124.3,,3856,1592.4,15702,,3577.4,3771.5,6118,,,5853,41.7,4612,2336.8,3843,2828.9,8089,6559.4,74.3,6974,,3006,8256,1481,235.3,698.6,5950.5,805.3,3341.3,293.9,1786,4445.1,7334,6346,10632,8466.6,5871,5253.5,5229,7546,2414.4,1959.6,81.7,129.4,18428,1662,559.7,1839,,918.9,264.5,,7989,503.7,3399,6667,3965,1223,,,569.2,,233.9,5096,,5135,3208.7,1209,1600,40711,2159.2,,709.8,6810,,2380,2507,3345.4,1681,2278.3,6042.5,4631,3138,2015.6,2009
2002/03,1495,,,7245,9359,847.4,,8743,37801,10957,6982,30466,10522,11355,9900,52126,19156,,7747,16430,12169.3,4079,14282,2667,5856,2254,4822,,22654,18030,6781,6013,5311,15960,1008.5,,3890,1791.5,13821,,3309.4,3597.4,5700,,,5199,30.7,4674,2260.3,3689.5,2561.1,7579,7488.5,78.4,6374,,2971,8546,1515,261.9,696.1,5970.7,783.2,3328.4,285.7,1827,4189.3,5966,6262,9407,9382.9,5759,6471,6142,7147,2195.2,1538.9,79.7,146.1,14480,1648,491.3,1771,30.5,1004.2,267.9,,7975,582.9,3102,9378,3308,1139,,,494.9,,223.4,4409,,5019,2665.7,1221,1472,39461,2213.6,,702.9,6714,,2525,2634,3330.9,1870,2204.7,5264.7,3911,2989,2175.9,1964
2002/06,1429,,,7253,10030,805.6,,9073,44322,11190,7005,33246,10843,11558,10169,56271,23472,,7296,16752,12809.7,5368,16277,2704,5795,2774,4829,,23601,19651,6319,6078,6119,16520,1249.1,,4161,1713.9,13856,,3388.6,3862.1,6234,,,5651,33.6,4097,2682.2,3819.4,2775.2,7682,7397.9,109.4,7324,,3159,8156,1705,304.5,770.9,5989.5,835.2,3350.7,300.1,2162,4314.9,6290,7259,10203,8616.7,5945,7487.7,6700,7513,2297,1624.7,97.1,156.7,14938,1674,509.1,2128,36.4,1146.3,317.4,,8204,427.3,3506,11585,3617,1127,,,511.5,,287.9,5291,,5416,2765.1,1553,1528,42207,2630.8,,733.9,6564,,3141,2332,3408.9,1845.3,2434.6,5064.2,4095,3207,2409.5,2073
2002/09,1443,,,7746,10380,851.3,,9079,47411,10527,7044,32262,10556,11594,10796,55241,25681,,7996,17113,5426.1,5322,14475,1698,6662,2028,4845,,22978,19821,6504,6247,6300,15238,1499.3,,4143,1891,12690,,3501.4,4047,5872,,,5569,34.3,4537,2796.3,3985.6,2785.6,7754,7235.3,134,7299,,2850,8159,1585,240,873.9,5876.4,865.2,3084.6,307.9,2248,4341.2,6542,7084,9963,12296.3,5907,6415,5482,7216,2381.7,1876,103.7,137.1,17150,1540,517.2,2302,40.7,1151.7,284.9,,8118,430.3,3284,12997,3982,1103,,,541.1,,286.1,5075,,5445,3045,679,1285,39338,3248,,745.6,6597,,1963,2545,3486.7,1646.7,2401,4832.1,4092,2965,2628.3,2055
2002/12,1472,,,8541,12137,1428.6,,9403,56211,10698,8185,35223,11217,11855,11005,66400,25158,,9333,17009,6057.7,4795,13213,3000,7170,2309,4713,,22796,23684,7160,6682,7382,14464,1766.1,,4138,1912.5,13695,,3433.8,3899.2,5048,,,5855,37.2,4811,2514.7,3210.1,2955.6,8257,7484.9,145,7215,,2179,7570,1406,197.3,1097.2,6344.9,1003.5,3327.4,329.6,2146,4839.2,7780,6914,11388,9198.6,6196,6037,5682,7847,2420.4,2083.4,123.7,137,17533,1494,568.7,2042,45.2,1275,294.7,,8788,469,3908,20253,4756,1056,,,576.6,,345,5377,,5667,3505.5,1220,1465,41250,2456.6,,829.2,6428,,1985,2707,3339.8,1683,2427.4,4717.7,4662,3337,2434,2060
2003/03,1475,,,7835,10553,1083.6,,9821,54357,11454,7561,30401,10333,11683,10656,56718,28767,,8506,16490,13388.4,4502,15104,4466,6500,2307,4618,,23199,20065,6751,6975,5530,14484,1761.2,,4318,2147.8,12258,,3343.3,3799.7,6094,,,5399,49.1,4728,2400.9,3697.3,2889.4,8015,8446.1,165.1,6702,,2736,8498,1218,200.5,1043,6312.8,954.2,3189,336.9,2192,4580.5,7059,8081,9236,10114.2,6023,7118,7008,7359,2348.4,2237.9,117.2,142.8,18927,1487,500.2,2082,55.7,1196.2,296.9,,8362,405,3421,27019,6172,964,,,534.9,,509.6,4821,,5545,2788.7,1147,1420,40815,2552.9,,846.9,6785,,2371,3579,3459.7,1905.8,2313.8,4466.5,4201,3077,2411.2,2016
2003/06,1545,,,8065,14396,1099.9,,10332,50271,11842,7812,33225,10204,12546,10920,62637,27229,,9900,16829,13281.2,5695,17989,4594,6377,2832,4702,,23840,21631,6816,7087,6538,15487,2041.1,,4580,2064.2,12717,,3515.7,4280.8,5985,,,5749,67.3,5129,2985.1,3800.7,3088.2,8226,8328,238.9,7790,,2894,8258,1431,239.6,921.6,6444.9,1036.8,3418.4,355.9,2339,4723.6,7709,8242,9922,9543.1,6356,8666,7369,7841,2458.6,2625.8,123.6,143.9,19891,1468,467.3,2339,63.2,1299.4,320.1,,8868,459.8,3935,21934,5152,1082,,,556.2,,439.1,5932,,5830,3046.2,1682,1592,40582,2859.2,,891.7,7324,,2266,2630,3544.6,1911.6,2564,4466,4429,3582,2380.9,1942
2003/09,1715,,,8215,17598,1134.5,,10455,52860,10421,8170,33188,10239,12527,12195,62480,28227,,12348,17063,5762,5671,16598,4546,7014,2072,5101,,23334,21522,7833,7238,6830,15302,2207.4,,4616,2163.8,12184,,3508.1,4504.6,5715,,,5768,74.3,5372,3024.9,3488.7,3139.4,8312,8246.4,200.4,7954,,2956,8926,1384,243.4,908.8,6378.1,1081,3462.3,358.8,2533,4247.9,8078,7977,9503,13689.7,6419,7802,6142,7480,2523.8,2669.8,138.5,150.3,20306,1493,448.6,2775,72.2,1309.5,319.1,,8725,486.1,4427,22525,5549,1051,,,559.6,,432.7,5545,,5687,3387.5,1307,1638,36742,3319.1,,885.4,6743,,2319,2853,3641.6,1720.3,2531.9,4469.1,4378,4135,2466.2,1882
2003/12,2006,512.2,512.2,10153,19855,1945.8,,11254,55711,10746,8255,36771,10067,12198,13221,74494,28307,,14167,17278,5627.1,5176,15125,4742,8549,2498,5398,,24340,25913,8741,7523,8073,14919,2346.3,,4718,2193.8,13214,,3670.8,4555.4,5829,,,6187,80.8,5665,2837.1,3003.1,3465.5,8932,8720.8,263.5,8588,,2965,9092,1234,180.2,1242.1,7452.2,1281.2,3574.5,406.2,2770,5530.6,8978,8332,10904,10521.5,7038,7252,6477,8207,2572.6,3165.5,299.8,161.2,22179,1521,528.9,2435,81.2,1488.8,358.6,,9709,472.1,4731,22212,5457,1176,,,633,,439,6465,,5920,4105.6,1028,1687,46199,2519.8,,1001.3,7125,,2370,3016,3702.1,1827.4,2626,4574.8,5101,5452,2525.3,1896
2004/03,1909,512.2,512.2,9175,17184,1530.3,,11559,59644,11625,7955,33213,10128,12784,13029,64763,31206,,12487,17056,5630.8,5078,17550,4908,7189,2509,5620,,24742,22175,8091,8144,6131,15522,2343,,4939,2665.4,12903,,3018.3,4399.7,7905,,,6178,82.9,5181,2904,3576.4,3376.9,8919,9782.2,309.1,8646,,2893,9992,1218,224.1,1215.6,6818.6,1241.1,3682.3,409.7,2936,5216.1,8347,9309,10090,11549,6910,8681,8073,7575,2513.5,2886.3,541.7,181.8,23637,1505,582,2331,100.4,1543.2,423.3,,9417,471.9,4646,25991,5636,1243,,,584.3,,507.8,6467,,6062,3352.7,1492,1623,44723,2754.1,,1035.1,6751,,2580,3879,3799.1,2121.4,2710.3,4821.3,4676,5527,2607.9,1920
2004/06,2014,700.2,700.2,9292,17996,1387.3,,11484,62706,11227,8268,36711,10196,17243,12962,69722,34658,,12274,17758,6021.7,5914,19960,5066,7471,3076,5926,,27287,23098,8049,8704,7070,16445,2584.9,,5012,2346.1,13088,,2856.3,4729,7676,,,6388,87.8,5430,3487.1,3477.9,3556.3,8871,9578.5,319.7,9622,,3029,9802,1352,259.4,1340.5,6943.1,1318.7,4050.2,399.4,3241,4703,8776,9844,10860,10897.2,7258,10169,7527,8091,2571.7,3068,538.8,183.8,23809,1559,525.3,2619,120.3,1621.2,410.1,40.6,9471,456.1,4652,27343,5316,1164,,,601.6,,532.9,7564,,7041,3414.3,1679,1767,42802,3008.9,,1043,6882,,2750,3040,3775.7,2085.8,3002.3,4875,4929,4963,2548,1997
2004/09,2350,805.9,805.9,9189,19172,1462.5,,11553,67809,16546,8305,38083,10292,17145,13744,68520,37558,,12831,18206,5538.1,5596,18772,5098,7543,2215,5971,,24611,23349,8471,9859,7257,15977,2713,,4969,2399.8,13152,,2905.9,4925.7,6803,,,6395,101.5,5427,3561.8,3826.8,3280.4,8952,9426.7,326.2,9339,,3076,9854,1866,235.9,1118,7909.4,1453.3,3806.5,408,3250,4681.7,8438,10072,9935,15139.3,5476,9064,5740,7718,2695.7,3087,543.3,171,25280,1518,542.3,2983,141.6,1745.3,403.7,46.4,9972,515.6,4647,30271,5081,1072,,,613.3,,571.5,7659,,6975,3817.4,1224,1739,39121,3440.8,,1028.7,7332,,3005,3292,3866.3,1854.7,2967.2,5039.5,4936,4795,2767.8,1943
2004/12,3490,1031.5,1031.5,10818,20030,2541,,12752,73830,17483,9349,43744,10287,18262,14452,82217,41907,,14924,18263,5748,5204,16812,5235,8666,2756,6062,,24999,27671,9598,10511,8803,16133,2909,,5091,2530.7,13314,,3067.7,5010.3,7455,,,6640,105.4,5157,3148.3,3824.6,3644.3,9840,9889.1,369.6,9838,,3217,9695,2001,195,1390,8923.2,1589.5,4071.4,423.5,3153,5654.4,9965,10936,11146,11578,5903,8550,6000,8784,2803.3,3293,587.8,188.7,25041,1647,613.3,3923,138.3,1979.6,429.5,54.6,9950,566.5,5174,35101,6046,1160,6562,6562,821.4,,688.5,8584,,7334,4329.1,1098,2015,44930,2670,,1155.5,7388,,3082,3780,3901.4,1969.9,3051.6,5168.3,5704,5179,2770.9,2180
2005/03,3243,1256.5,1256.5,9620,17634,1902,,12832,72237,19054,9508,34033,10248,19827,14287,71680,38325,,13091,18179,5362.2,5266,18973,5363,7829,2950,6187,,28620,22908,9434,11164,6585,16462,2833,658.2,5166,2778,12681,,3159.1,4802.8,9964,,,6449,112.4,4532,3308.2,3817,3497.4,9886,10987,430.4,9407,,3152,11598,1957,233.4,1365,9182.2,1518.7,4216.4,400.8,2702,5382.7,8488,11679,10363,12658.1,5640,9913,7431,8059,2743,3153.5,587.8,250.1,27202,1777,559.2,2437,152.4,1825.9,472.9,64.2,10257,583.8,4800,33476,5328,1197,6043,6043,742,,697.9,8339,,7339,3651.8,1909,1904,44895,2787,,1202.5,7713,,3303,4736,3905.8,2215,3051.9,5426.9,4944,4759,2852.2,2108
2005/06,3520,1384.5,1384.5,10161,18128,1753,,12762,79107,18432,9529,35943,10317,21547,14258,76697,45085,,11452,18053,5467.5,6310,22305,5598,7715,3878,6581,,28837,22270,9231,11379,7697,17325,3172,771.9,5294,2690.4,14684,,3428.6,5095.7,8949,,,7028,145.7,4889,3721.4,4106,3667.7,10191,10830.6,495.3,11152,,3344,11801,2103,266.6,1358,9121.6,1601.8,4497.6,416.3,2971,5523.8,9295,11450,10585,11996.9,6020,11929,7511,8334,2837.5,3264,605.6,271.4,27903,1826,653.6,2741,164,1928.6,496,71.9,10955,574.8,5137,37365,5274,1254,6108,6108,752.1,,782.9,9360,,7715,3647.9,2042,1828,44548,3119.6,,1218.6,8335,,3385,3646,3987.1,1944.1,3286.1,5496.9,5409,4974,2933.9,2166
2005/09,3678,1384.5,1384.5,9741,20533,1858,,12310,88571,20772,10472,36021,10304,21650,14793,75397,51109,,11263,18486,5416.2,6037,20744,5284,7734,2768,6550,,31147,21529,9960,11613,8184,17306,3154,791.6,5382,2765.4,12355,,3698.1,5327.1,12333,,,6900,129.5,4767,3862,4294,3601.1,10550,10494.9,493.5,10905,,3461,13157,2149,258.8,1560,8970.4,1659.2,4309.1,410.3,3339,5384,9201,11261,10244,16709.9,6028,10592,5870,8057,2911.8,3519,596.2,300.8,26408,2092,679.4,3504,172.7,1966.4,487,82.7,11988,583.4,5302,44453,3028,1316,5682,5682,783,,933,8977,,7707,4041.9,1274,1878,40510,4357.9,,1171.9,7791,,3857,4564,4000.8,1921.7,3200.2,5700.7,5331,4965,2999.2,2125
2005/12,5749,1919.1,1919.1,11837,25368,2977,,12610,88298,20924,10897,40276,12909,22040,18337,88418,50403,,12547,17927,5766,5551,19489,5416,8854,3292,6628,,31714,24427,10201,12165,10096,17827,3271,715.9,5325,2769.5,13901,,4023.3,5234.6,12145,,,7275,149.3,5019,3474.7,4379,3879.1,11954,10900.4,609.3,11261,,3621,15525,2047,203.9,1741,9732,1934.1,4543,418.8,3324,6047.3,10229,11917,11523,12933.3,6380,10808,5827,9663,2904.6,3196,632.9,369.1,27392,2185,740.8,3164,193,2263.8,510.4,91.1,11524,633.6,5764,47111,2667,353,6665,6665,889.8,,1203,9663,,8090,4681.3,1405,1977,46549,3289,,1278.5,7861,,4052,5108,4008.9,2030.4,3252.2,5867.4,6210,5568,3299.6,2219
2006/03,4359,2253.8,2253.8,10900,22763,2279,,12992,78653,23576,11080,35119,15756,27040,17250,79676,51409,,11747,21231,5409.8,5226,21461,5595,8027,3470,7322,,34290,20659,8940,17581,6719,8686,3217,738.5,5595,3066.7,14264,,4239,4913.9,17246,,,7241,181.8,4676,3612.8,4505,3714.7,11521,12163.1,692.9,10615,,3710,18168,1960,241.9,1834,9979.2,1885.8,4491.1,407.2,3334,4580.5,9214,12020,10238,14054.6,6720,11921,7394,8123,2870.6,3196,611.2,395.7,27278,2251,684.3,3584,224.1,2143.7,655.5,104.7,11532,681.8,5546,42916,1620,1205,6198,6198,787.6,,1003.8,9392,,8003,3871.3,2200,2078,40801,3063.3,,1320.9,7850,,4396,4951,4067.9,1927,3297,6234.7,4660,2938,3736.8,2331
2006/06,4370,2456,2456,11804,24185,2139,,13363,87813,24525,11882,37101,15770,28886,17842,85430,49737,,11741,21886,5771.7,6476,22592,5908,8474,3470,7984,,35899,21890,8009,17863,8714,9255,3604,846.5,5688,2897,14986,,4686.8,5367.4,18002,,,7898,197.2,4871,4005.4,4773,3866.9,11736,12175.2,685.3,12264,,3923,18799,2291,307.7,1951,10564.4,1963.7,4805.3,510.4,3697,5501.1,9961,12509,10361,13273.2,7285,13389,7442,8619,3014.3,3305,660,360.7,26854,2356,713.5,3809,239.4,2349.8,635.5,118.1,11351,687.5,5934,43227,2903,1261,6782,6782,798.7,,891.9,10605,,8494,3988.2,2309,2280,41878,3591.5,,1327.9,7313,,4470,3496,4161.4,1765.6,3579.5,6252,4973,3116,3607.1,2421
2006/09,4837,2689.7,2689.7,10811,25360,2307,,13287,88504,24957,12286,37307,15638,30019,18785,84467,50455,,12280,22459,5410.4,6454,19648,6432,8652,3591,8184,,36323,22617,8739,17970,9134,9413,3612,902,5858,3075,14739,,4954.8,5503.2,15979,,,7952,244.8,4154,4194.1,4897,3864.1,11662,12170.3,748.7,12163,,3983,19178,2190,313.5,1999,11208.8,2003.4,4388.9,440.5,3761,5573.8,9605,12359,10750,19875.2,6992,11211,6309,8243,3143.7,3403,703.5,323.1,29247,2312,725,4694,256,2408.5,602.2,130.1,12528,820.6,6069,43978,3279,1249,5914,5914,818.7,,935.6,10517,,8545,4472.9,1391,2219,37095,4549.4,,1231.1,8361,,4402,3973,4210.4,1754.8,3538,6299.5,4936,3392,3826.5,2418
2006/12,7123,3205.5,3205.5,12542,26231,3986,,13682,80116,26674,12594,40785,15891,30378,19725,99078,43740,,12603,22606,6044.1,5932,17404,7031,9581,4163,8439,,40046,26258,9694,18157,10570,8614,3835,839.2,5782,3048,17541,,5349.9,5445.3,18126,,,8276,275,4057,3821.7,4882,4245.3,12628,12708.5,899.2,12787,375,3962,15156,2069,260.1,2019,12068.3,2355.7,5166.4,621.2,3463,6218,10840,12236,12341,14151.6,7448,10406,6276,9371,3209.1,3492,708.3,1018.5,30008,2196,1668.9,3623,277.2,2625.4,682.2,144.2,12843,878.9,6514,37457,2822,1273,7844,7844,927,,948.6,11003,,8926,5096.8,1539,2502,40275,3152,,1400.4,8744,,3907,3922,4307.2,1874.3,3570.4,6359.5,5561,3509,3995.4,2396
2007/03,5286,3664,3664,14398,32918,3015,,15037,76890,28856,12570,38689,28969,30447,18694,86410,43888,,12474,22584,5769.4,6103,18545,7388,7954,4414,8866,5549,43021,22029,8852,19047,7350,3488,3687,915.1,5937,3280,15365,,5464.4,5292.7,22280,,,8041,293.4,4317,3926.9,4883,4226.1,11906,13933.7,1028.4,12278,380,3849,23192,2148,301.4,2221,13188.6,2255.6,5169.4,671.6,3191,5945.6,9275,12432,11184,15112,7327,12172,7845,8586,3213.9,3562,715.9,1005.4,30645,2254,2338.2,3075,305.3,2521.7,649.4,162.4,12912,844.3,6300,37479,3035,1320,7530,7530,852.1,,952.6,10016,,8592,4108.1,2609,2496,43005,3408.7,,1425.5,8775,,4015,4661,4385.3,2171,3716.6,6700,4804,3422,4486.7,2422
2007/06,5563,3872,3872,13371,27347,2886,,15131,87249,30082,13268,40960,29478,32409,19272,92999,51735,,11084,23273,6111.4,7733,22184,7712,9045,5828,9433,5835,45301,23772,8680,19000,9607,3962,3728,997,6142,3127,17028,,5638.8,5839.4,20351,,,8538,347.9,4471,4383.2,5091,4631,12189,13698.3,1048.1,13904,381,4046,26195,2348,355.9,2325,20703.3,2359.2,5543.7,603,3424,6370.6,10651,13265,10980,14659.3,7877,14167,7875,9205,3405.4,3482,773.2,1097,31150,2530,2385.9,3929,303.7,2631.9,745.6,176.6,13217,935.3,6591,43301,2966,1369,7367,7367,855.9,,1023.1,11356,,9151,4313.3,2842,2742,44242,3771.9,,1463.7,8425,,4411,3730,4502,1999.8,4136.8,6793.9,5278,3735,4610.5,2530
2007/09,6606,4231.4,4231.4,13762,29937,3262,,14970,91160,28005,13796,42128,30132,29347,20199,91865,50995,,11990,23772,6074.1,7690,18961,7781,8930,4529,9554,5916,42063,24119,10090,18679,10171,4060,3611,1082.9,6177,3124,16517,,5925.7,5900.9,23803,,,8735,349.9,4601,4655.1,5178,4586.8,12205,13421.5,1058.8,13863,391,4191,21230,2297,417.3,2306,20495.2,2440.9,5573.4,594.7,3663,6376.7,11095,13589,11676,20477.3,7964,11565,6675,8760,3528.2,3642,789.2,1298.1,29836,2667,2401.2,4575,294,2731.2,851.7,192.8,11678,1115.6,6834,42108,3688,1451,7067,7067,907.1,,971.6,11442,,9199,4658.7,1518,4709,41078,4832,,1453.2,8393,,4841,3589,4620.6,1992,3744.4,6961.3,5355,3928,4916.6,2501
2007/12,10430,4826.7,4826.7,16367,28043,5673,,15957,103301,28780,13959,47692,30349,27118,21038,107202,57352,1488,13065,23840,6242.8,7331,17659,8014,10452,5313,9831,5907,26043,28866,10712,18705,12346,3702,3745,1072.7,6206,3405,17477,,6247.7,5753.6,21534,,,9275,414.6,4804,4339.5,5156,5189.6,13392,14027.9,1094.7,14714,402,4197,14664,2230,334.9,2440,21942.4,2767.6,6102,627.3,3556,7221.4,10841,14227,12642,15809.5,8415,10379,6983,10143,3642.2,3495,890.9,1444.2,18433,2632,2621.1,3683,302.4,3141.2,911.2,216.9,9351,1202.7,7515,48612,3688,1477,8590,8590,1035.6,,1243.4,12144,,9451,5391.9,2049,4833,44116,3340.4,,1658.1,8762,,5424,3647,4758.1,2150.1,3273.2,7144.4,6000,4179,5118.5,2577
2008/03,7980,5186,5186,14454,25175,4135,,16194,104791,26763,13652,41653,30744,28939,20026,94940,62122,1453,11848,23833,5822.1,7379,17907,8389,8710,5349,9791,5921,28563,24502,9673,20304,8333,3604,3613,1182.1,6463,3860,15990,,6289.9,5614.8,18629,,,8895,462.6,4891,4544.4,5249,4807.6,12675,15394,1258.2,13958,411,4270,21184,2057,403.2,2606,21326,2526,6057.6,626.9,3272,6765.6,9983,14824,7470,16959.9,8211,12009,8575,10046,3713,3081,942.2,1300,14031,2586,2554,3434,326.2,3028.9,890.4,247.6,11624,1153.4,7005,51026,3337,1398,8750,8750,895.3,,1491.7,11796,,9437,4303.6,3727,4634,43292,3682.9,,1634.4,7564,,6020,4353,4812.7,2427.2,3823.3,7738.7,5354,4029,4936,2713
2008/06,7561,5367.2,5367.2,15837,30093,4063,,16450,124238,26634,13728,46266,30866,29721,20885,102342,78310,1613,12129,24124,6051.8,9046,20990,8553,9236,7239,10364,6709,30889,26821,9470,20272,10945,4179,3764,1246.5,6739,3706,16962,,6746.1,6075.3,17643,,,9674,571.5,5203,5088,4984,5150.4,13001,15015,1278.1,15944,439,4568,16523,2339,514,2762,21140.3,2574,6593.2,622.6,3351,7314,11039,16349,7469,16613.7,8358,14509,8837,10804,3964.8,3959,993.4,1387,19933,2639,2709.6,3585,337.6,3283.9,886.9,263.1,12049,892.7,7303,67320,3229,1359,8589,8589,922.9,,1791.1,13624,,9866,4554.4,3538,4054,41102,4215.2,,1712.6,7703,,7116,3399,5006.2,2207.1,4555.9,7828.1,5870,4487,4314.2,2907
2008/09,11520,5541.4,5541.4,15061,27926,4264,,15921,122758,23069,12772,46690,31342,30175,20983,98345,73615,1709,11973,24752,5943.9,8393,17784,8549,9445,5331,10331,6953,28984,25301,10217,20156,11244,4341,3875,1338.2,6558,3570,15293,,7259,6267.3,13625,,,9275,592.5,5254,5432.2,4469,5209.5,13113,14596.8,1371.3,15085,447,4846,16699,2272,561.6,3334,20863.4,2515.4,6561,640.7,3387,7497.7,10577,15371,7579,23099.9,8048,11728,7297,10401,3988,3629,1093,1313,898,2228,2588.1,5387,341.3,3208.2,887.3,276.5,13351,897.7,7140,66022,3508,1301,7509,7509,935.6,,1762.2,12981,,9970,4761.5,2051,4238,31746,5426.5,,1653,7030,,7060,4365,4998.2,2181.5,4464.6,7624.6,5864,4853,4468.7,2961
2008/12,11880,5700.9,5700.9,16629,24592,6704,,15182,73284,25025,11500,46320,31076,24176,19763,108747,43145,1739,12346,24645,6032.5,7126,14607,8811,9599,5607,9089,6122,16246,27006,8226,20454,12729,3833,3751,1224.8,5509,3494,12664,,6868,5565,3682,,,8712,628.3,4542,4590.1,4604,5204.4,12697,14947,1428.2,14770,368,4286,7448,2177,406,2517,24142.2,2615.2,6470.6,645.2,2491,7950.3,11132,10850,7161,16395,7303,9984,5820,10681,3664.2,3112,1068.9,1064,-27966,2009,2646.3,4003,359.6,3176.5,915.3,289.6,13962,481.1,7852,41056,3133,1335,7871,7871,1029.3,,1204.9,12923,,9538,5380,2649,3342,28974,3802,,1718.2,6922,,4021,4173,4597.9,2203.3,3954,7759.3,6086,4910,4137.1,2674
2009/03,9084,5509,5509,13648,22784,4889,,15026,56222,29584,23954,38010,30571,45417,17864,94242,33077,1647,10867,26591,5385.2,7169,16175,8866,8087,5453,8162,5597,32178,21711,7145,22004,8263,3812,3308,1156.1,5089,3829,16502,,6000,5077.4,11880,,,7570,605.1,4322,4440.8,4655,5047,10938,16475,1530.5,12249,325,3415,5206,1921,462.1,2455,23393.9,2333.3,5657.6,667.4,2086,6718.4,10373,9087,5996,16843,6481,11832,6871,8979,3502.8,3575,1036.5,987,13315,4625,2255.1,3705,394.1,2627.7,786.4,304.9,10214,664.2,8264,27681,3312,1151,7373,7373,918.5,,1116.7,9225,,8137,4354.2,4035,3136,24390,3666.3,,1601.3,8525,,3073,4586,4493,2368.7,3146.4,8614.7,5884,3907,3739.9,2247
2009/06,9734,5522.9,5522.9,13099,29607,4651,,15239,65951,29502,25044,39074,30614,40736,18084,100876,37613,1646,10984,26861,5899.9,8267,19071,8978,8596,6861,8535,6134,36811,23250,8024,21655,10592,4594,3713,1279.9,5719,3933,17154,,5528,5647.2,15189,,,7566,628.7,4665,4713,4895,5292.8,10829,16210,1647.2,13196,363,3303,7292,2250,603.7,2753,24871.1,2403.9,5537.3,677.8,2457,7494.9,11072,11322,5920,15806,6639,13844,6858,9781,3745,3568,1093.3,1029,23922,4610,2484.1,3811,408.5,2673.6,704.7,316.1,8266,776.5,8100,32132,2913,1144,7670,7670,903.6,,1169.2,7975,,7852,4747.5,3161,3102,26810,3885.2,,1634.3,6879,,3687,3406,4727,2100.8,3392.9,8670.8,6125,3494,3949,2185
2009/09,12207,5944.9,5944.9,12920,29904,5449,,15081,73285,30145,24750,37361,30734,33135,19807,99373,43101,1879,11621,27265,6049.7,8044,16361,8845,9867,5054,9021,6587,27070,23566,9389,21695,11080,4318,3812,1364.3,6193,3838,16688,,5430,6046.7,13682,,,7700,695.1,4788,4798.5,4950,5562,11153,15703,1801.4,13375,428,3671,9822,2152,730.7,2690,24641.9,2422.2,5505.4,662.1,2880,7761.3,10767,12046,6262,22378,6559,11375,5961,9397,3998,3681,1120.5,1140,19604,4517,2531.1,4473,423.1,2750.7,697.5,330.5,10238,903.2,7719,36635,3396,1073,7199,7199,924.9,26784,1314.9,7298,,8009,5244.9,1879,-1387,30272,4681.5,,1653.3,8543,,4104,3630,4913,2096.1,3580.4,8722.4,6205,3588,4255,2289
2009/12,15683,6673.8,6673.8,19022,30198,9519,,16551,80106,26401,24888,40940,30708,31162,21027,113622,45502,1960,16537,27091,10093.5,7510,14569,9067,9739,5858,9815,6717,11947,27230,10569,21784,13297,4100,3809,1298.4,6122,3851,17937,,5744,5973.4,10922,,,8072,761,5033,4405.6,4990,5934.2,12377,16364,2032.4,14100,456,3754,8029,2096,541.8,2670,25822,2722.7,5747.7,785.7,3005,8790,12203,12466,7210,17299,7051,10168,6419,10597,4081,4272,1127.1,1544,18511,5479,2839.4,3656,444.5,3132.9,757.3,354,12341,982.5,7898,39568,3110,1046,8684,8684,1028.2,32327,1483.3,7898,,8596,5941.7,1697,3449,34811,3510,,1834.2,8619,,4382,3176,4982,2198,3757.4,8756.2,6667,3686,4007,2320
2010/03,13499,6775,6775,14503,32037,7131,345,15631,80222,30806,23526,35854,30530,38099,19178,99811,44669,1959,16576,26913,11422.2,7525,16863,9202,8580,6404,10368,6496,31712,22857,10299,23193,9368,3951,3592,1308,6348,4196,15216,,5598,5610.1,14358,,1735,7776,791.3,4807,4733,4911,5485.5,11728,16987,2085.9,12040,515,3965,10440,1986,584.4,2663,23760,2534.7,5537.8,856.5,3205,7698.4,10337,13417,6322,18742,7158,12388,8484,11318,3829,3953,1108.9,1995,18555,4289,2626.9,3622,493.7,3007.8,858.7,376.8,13100,1001.8,7750,41601,3594,1043,8785,8785,925.1,31476,1381.1,8238,,8701,5016.5,3890,3477,31566,4157.3,,1799.1,9247,,4616,4168,4835,2443.2,3737.6,8621.5,6053,3761,5091.3,2491
2010/06,15700,6820,6820,16039,31709,6566,432,15330,82747,28133,23417,36650,30808,35384,18926,103726,48850,2029,17132,26773,11346.3,8674,19410,9525,10002,9505,10836,7061,28500,23724,10765,23264,14801,4341,3804,1365,6731,3773,15573,,5937,5945.5,10524,,1771,7926,852.7,4768,5076.9,5105,5748.7,12204,17199,1927.2,13802,550,4182,9569,2245,767.4,2700,24007,2612,5975.5,875.3,3496,8826,11280,13618,6377,17780,7415,14361,8616,12253,3814,3760,1212.7,2032,18314,4350,2595.7,3591,519.8,3217.4,943,394.4,14138,811.2,8104,42269,3287,1126,8110,8110,933.6,33174,1325.1,10409,,9428,5068.1,2962,3482,35067,4207.4,,1758.2,10987,,4603,3333,4857,2190.3,3928.1,8545.8,5973,4387,4642,2663
2010/09,20343,7286,7286,16195,36274,7560,467,14982,85181,26928,22906,35186,31581,32474,20122,101952,46372,2117,15995,26484,11124.9,8426,16598,9489,9742,7502,10750,6614,26921,24271,11102,23668,15514,4461,3816,1428,6874,3903,16967,,6845,6304.9,10712,,1769,8139,910.1,4798,5175,5187,5654.8,12192,16870,1937.7,13620,572,4408,8528,2239,1001.8,2952,23711,2838,5833.1,882.4,3740,8674.5,11343,12868,6377,24125,7583,11587,7001,11863,3943,3888,1175.8,2092,19455,4084,2628.7,4691,553.2,3092.8,990.3,429.1,12338,843.9,8011,43664,3946,1121,7426,7426,979.3,34060,1436.4,11134,,9457,5525.8,1953,3580,29893,5319.9,,1767.6,9917,,4763,3950,4979,2229.4,3941.1,8538.8,6272,4665,4722,2666
2010/12,26741,8440,8440,19953,36165,12948,731,15644,93428,29608,23400,40889,31361,28249,21347,116360,49716,2238,17354,26395,12094,10494,15126,9721,10716,8582,10407,7037,24513,29018,11457,24030,18155,4139,3841,1438,6709,3857,16550,,9067,6214.1,10373,,1784,8749,1066.3,5111,4842,5315,6187,13421,17344,1998.7,14864,550,4410,9435,2081,731.3,3348,24589,2950.8,6478.2,952.7,3525,9968,12761,13771,7812,19239,7849,10480,7404,13773,3978,4409,1219.1,2493,21202,4373,2718.9,3413,595.9,3433,1007.9,456.9,12690,886.4,8601,48218,3445,1184,8761,8761,1119.7,36882,1655.3,12807,,9632,6331.7,1836,3944,32428,3771,,1995.1,8049,,5063,3746,5075,2405.7,3913.7,8539.9,6885,5160,4613,2816
2011/03,24667,8575,8575,16428,33720,9857,731,16173,101335,28763,22150,34704,31247,32620,19893,104189,56278,2245,16502,26990,11580,10517,16823,12128,9077,8764,10866,6791,25779,24607,12847,25432,11937,3943,3706,1501,7311,4167,14910,,8716,6111.6,13643,,1770,8672,1125.3,5011,5079,5112,5839.2,12582,18502,1926.1,12680,560,4490,9427,1991,809.3,3870,25695,2785.7,6496.3,876.5,3392,9040.9,10626,14733,6683,20875,7624,12185,10034,12573,3994,3808,1203.3,2282,17439,4038,2721.4,3134,718.6,3292.2,1027.7,504.4,15908,962,7798,53148,3663,1256,8256,8256,1019.9,36194,1917,12949,,9663,5220.3,4131,3815,33114,4012,,2015,10170,1932,5726,4057,5029,2737.3,4272,8387.8,6052,5282,4694,2810
2011/06,28571,9026,9026,17367,38274,9913,895,16597,112781,30575,22092,34999,31495,19038,20860,109366,64407,2322,16485,27536,12151,12737,20232,14333,10675,10775,11195,8273,27060,26666,13032,25234,16827,4002,3959,1667,7680,3946,16543,,8990,6905.4,9549,,1791,9086,1183.2,5434,5766,5265,6252.8,13191,18371,2137.3,14469,603,4858,11236,2267,1102.7,3623,26414,2932.2,7204.4,1081.7,3458,9616.3,11543,16046,7030,20623,8195,14543,10264,13878,4185,4253,1208.6,2347,16680,3999,2854,3961,788.6,3635.9,1023.2,546,17146,1016.5,7879,17176,3534,1236,8962,8962,1040.9,39373,2216.4,14230,,10552,5468.3,3608,4045,35527,4521,,2046,12244,1952,6173,3288,5259,2507.1,4614.9,8344.4,6201,5935,4556,3019
2011/09,28270,9720,9720,17372,33739,10876,954,16005,111991,27106,21264,34808,31478,33816,21530,110226,59287,2383,16609,27913,12022,12248,17326,14339,10425,8374,11256,8362,26862,26157,14233,25280,17582,4328,3944,1818,7531,4023,17727,,9546,7166.3,5585,,1809,9298,1249.7,5345,6081,5371,6147.9,13166,17967,2121.7,14235,623,5101,11418,2200,1452.8,4117,26674,3031.9,7174.1,1081.6,3466,9816.7,12119,15109,7068,28178,8146,11852,8138,13226,4383,4294,1309.9,2225,12719,3899,2932.9,4382,821.8,4445.8,1013.2,584.3,20453,1066.2,7853,16506,3964,1233,7959,7959,1074.4,36719,2373.1,15716,,10521,5793.1,2247,3847,33047,5428,630.4,2031,14931,2122,6006,3745,5382,2510.9,4580.5,8475.3,6116,6548,4706,2963
2011/12,46333,10584,10584,20885,37955,17431,1131,16255,107419,24394,22091,37713,32503,29600,21744,123169,56314,2547,16141,28436,12294,11040,16014,15042,10779,8792,11527,7671,22886,29487,13887,25916,20158,4346,3973,1728,7089,3918,19555,,10301,6822.7,8016,,1834,9473,1283.9,5454,5546,5651,6046.6,14166,18157,2200.4,14377,563,5108,7090,2083,990.8,4681,28317,3435.9,7589.1,1544.6,3420,10377,12211,14097,8193,21628,8317,11629,7343,9679,4172,4479,1326.7,2227,16376,3884,3089.3,3864,875.6,4716.7,1152.2,631.9,16735,953.2,9147,15955,3368,1159,8975,8975,1171.3,37990,2660.8,17243,,10587,6709.8,2439,3627,34576,3696,653.2,2215,11685,1937,6034,3178,5176,2570.7,4319.3,8572.3,6422,7064,4569,2951
2012/03,39186,10645,10645,17407,38147,13185,1058,16139,110696,29087,23003,34523,31822,26893,20194,113018,57109,2578,14885,28242,11731,11137,17808,14878,9629,9039,11588,7448,24996,24673,12906,27282,12428,3994,4048,1758,7486,4297,19383,,9918,6546.6,11801,4173,1827,9307,1273.3,5251,5656,5471,5602,13136,18651,2282.4,12416,577,5112,8525,1933,1037.2,4943,30798,3195.9,7259.8,1524.3,3121,5283.7,11293,14719,6979,22967,8161,13153,10180,8667,4200,4185,1292,2249,17497,4038,3056.8,3371,869.8,4316.2,1045.2,695.5,15916,924.9,7579,14593,3630,1227,8402,8402,1119,37759,2738.6,15981,,10564,5798.1,4748,3793,32445,3604,696.5,2161,9623,1857,6268,3397,5241,2910.9,4358,8917,5938,6868,5500,2966
2012/06,35023,11807,11807,18059,38546,12834,1184,16475,104718,25133,22606,36004,31575,26412,20212,114296,57851,2565,13968,28552,12311,13085,20570,15211,11088,10916,11690,8120,23730,25783,13501,27265,16458,4580,4477,1820,7534,4008,20005,,10341,6915.9,8592,4493,1884,9435,1366.8,4443,6236,5583,5600.7,13349,17752,2405.2,13807,606,5221,8425,2176,1326.8,4626,30714,3303.6,7640.8,1355.2,3335,5313.3,11921,14513,6744,22324,8515,14249,9917,8527,4267,3926,1421,2229,16221,3893,3108.1,3667,889.2,4553.5,1124.4,731.6,18398,1044.3,7922,13664,3577,1326,6235,6235,1188.1,37614,2769.6,17374,,11008,5945.6,4219,3758,33211,4181,697.7,2106,16136,2167,5768,3005,5269,2623.6,4463,8835.9,5992,7234,5670,3012
2012/09,35966,13304,13304,16008,41050,13806,1262,17052,102852,27799,22476,35467,31459,24466,20739,113800,53497,2731,12953,29007,11488,12340,18130,16544,10782,8181,11876,7920,18729,24747,13457,27302,16652,4466,4319,1918,7497,4095,20008,,10498,7152.4,10144,4508,1880,9342,1419.3,3736,6474,5623,5443.3,13071,17073,2426.6,15042,618,5343,6814,2117,1706.3,4871,30227,3364.2,7288.3,1285.2,3390,5264.8,11869,13637,6842,32218,8420,12073,7390,8326,4332,5138,1385.6,2320,16722,4359,3085.7,3843,905.1,4415.5,1080.6,788.4,16503,1204.1,7934,14141,6722,1245,6003,6003,1228.6,37576,3132,16445,,10792,6410.9,2110,3803,32172,5049,713.3,2052,13144,2870,5965,3332,5246,2637.5,3733,8917.3,6045,7111,6390,2894
2012/12,54512,14419,14419,21456,44720,21268,1585,17558,101409,26165,23162,38336,32578,22307,22175,127919,54123,2846,13891,30045,11738,11455,18246,15937,11341,9094,12098,7889,22582,29304,13477,28769,19954,4460,4421,1895,7387,4027,22302,,11083,6952.1,11127,5206,1913,9581,1447.4,4191,5955,5525,5957.3,14571,17316,2588.3,16443,576,5250,8261,2078,1190.6,6018,31397,3793.2,7668,1750.2,2979,5632,12099,13917,8164,23715,8685,11046,7325,9495,4286,4687,1417.9,2539,17169,4316,3259.3,3375,945.2,4975.2,1153.4,834.7,17333,1106.9,8078,15569,5695,1251,7107,7107,1344.4,39307,3156.4,16075,,11107,7723.8,2939,3735,36248,3703,768.4,2337,45944,3079,6171,3167,5307,2747.8,3484,9929.6,6439,7290,6211,2895
2013/03,43603,12951,12951,20489,43867,16070,1458,17505,96336,27616,22410,33328,31356,26634,20598,114070,52263,2958,12410,29420,10671,11035,19124,15310,10554,8958,12216,7584,24578,23408,12580,30340,12581,3973,4238,1906,7634,4459,18893,,10570,6605.3,11773,4329,1917,9328,1464.6,3831,6187,5276,5602,13434,18647,2531.6,14399,562,5290,9356,1883,1302,6124,30751,3549.6,7493.3,1895.5,2885,5377.9,11070,14383,6939,24871,8400,13088,10408,8744,4315,4310,1415.1,2449,16962,4177,3191.5,3279,1024,4444.7,1007.9,892.6,17683,954.7,7404,14166,5898,1324,7353,7353,1215.1,36884,3364.3,13210,,10953,6189.6,5472,3709,35649,3897,802.7,2190,10171,3060,5872,3523,5318,3109.3,3420,9538.9,5879,6974,6032,2963
2013/06,35323,13107,13107,19896,44693,15704,1813,17877,95498,27652,22455,34955,32075,26003,20297,116830,53199,3001,12973,29786,11010,12749,22522,16270,11578,10947,12417,7917,24637,24924,12811,30408,16807,4526,4679,2096,7752,4083,21815,,11182,7083.8,10449,4692,1972,9693,1599,4048,6697,5314,5929.7,13507,18313,2767.4,16006,644,5470,9579,2179,1680.2,6243,31248,3735.3,7707.9,1989.8,3047,5446,11408,14577,6608,24083,8737,15711,9844,8595,4346,4705,1723.5,2482,18426,4275,3240.1,3833,1069.4,4737.5,1010.5,957.1,15721,977.2,7834,13350,5879,1362,7212,7212,1085,39075,3704.5,14621,,11435,6442.4,4248,4104,37923,4246,808.8,2212,10041,3382,5962,2980,5267,2802.8,3593,11537.4,6115,7317,6095,3046
2013/09,37472,13754,13754,18529,46541,17092,2016,17575,100508,25504,21506,35298,32158,24646,20830,115688,54380,2973,12643,30279,11032,12030,19470,16151,11568,8372,12085,7927,21832,23338,13483,30624,16909,4760,4748,2218,7916,4194,22130,,11608,7323.4,8280,4658,2118,9647,1674.4,4065,6971,5245,5772.6,13521,17941,2782.8,15462,738,5573,9107,2135,2269.9,6480,31932,3788.8,7525,2013,3244,4825,11347,13734,6042,32487,8785,12957,7735,8472,4398,5172,1827.8,2472,15944,4134,3191.8,4394,1106,4669.1,995.1,1076,16337,1054,7735,13643,6217,1394,7061,7061,1146.9,38983,3806,13423,,11024,6981.9,2202,3853,35775,5017,807.9,2151,11310,3756,6449,3432,5262,2362,3568,13035.6,5842,7472,6089,2985
2013/12,57594,15707,15707,24519,47049,25587,2585,18355,98355,25511,21698,39450,33163,24414,21099,129706,51822,3155,13558,31065,11319,11040,17696,16926,12309,9275,11155,7789,21516,27385,13834,31117,20118,4404,5011,2126,7569,4163,23785,,11906,7093.2,10372,5111,2148,10387,1755.9,4441,6431,5224,5808.8,14976,18329,3120,16759,709,5630,8899,2039,1541.2,6622,32830,4239.6,7799.7,2779.3,3028,5072,11533,14386,7604,25017,9010,11660,7747,9488,4361,5074,1965.9,2777,17400,4286,3466.9,3630,1175.2,5266.7,1041.7,1145.2,18458,1144.2,8047,13254,4762,1459,8163,8163,1251.2,40485,3697.6,14402,,11403,7808.8,3143,3696,37570,3927,942,2468,9889,3872,5092,3185,4895,2493.7,3554,13182.7,5870,7639,5960,3032
2014/03,45646,15420,15420,20403,45453,19741,2502,18115,93896,25341,21622,33352,32476,25416,19641,114960,49032,3163,11353,30818,10264,10576,19687,17408,11649,9307,11545,6917,23715,22236,12764,31708,12623,4008,4521,2177,7831,4566,20465,7160,11239,6700.3,10885,4563,2202,9679,1730,3811,6972,5130,4683.1,13779,19605,4999,14745,701,5638,10031,1935,1641.8,6367,32689,3873.8,7567.5,2655.1,2983,4755,10650,14461,6803,26306,8612,13403,10128,8641,4325,4436,2129.8,2670,16163,3992,3903.5,3674,1270.1,4662.7,1000.1,1226.8,17085,1102.8,7265,15415,6263,1505,8219,8219,1157,37408,4193.9,13241,1874,11301,6491.2,5832,3731,35876,4644,984.1,2305,12854,4047,4968,3630,4887,2825.1,3569,13994.8,5508,7348,5773,3012
2014/06,37432,15955,15955,23382,49762,19340,2910,19495,97848,26741,22068,31922,32575,24675,19596,120125,53463,3155,12773,31483,10934,12574,23811,16844,12466,11320,12357,7797,23040,24047,13831,32574,16894,4571,5180,2368,8134,4273,22045,7473,12054,7181.7,10704,4926,2259,10253,1872.7,3889,7425,5491,4935.6,14268,19401,6534.9,17191,1269,6015,9591,2162,2123.6,6806,34602,4153.7,8240.2,2667.2,3292,5057,11306,14917,6788,25794,9100,16599,9706,8436,4352,4840,2421.5,2778,16136,4037,4321.9,4029,1340.4,4963.6,1068.2,1318.6,18266,1102.8,7474,13821,5708,1497,8424,8424,1182,39649,4326.1,14150,1983,11839,6917.2,4250,3837,37411,4467,1031.5,2363,13146,3937,5133,2813,4953,2566.6,3719,14509.4,5701,8051,5865,3244
2014/09,42123,16523,16523,23201,51199,20579,3203,18467,95687,26288,22236,31849,32957,23848,18771,119001,49706,3229,12361,31586,10557,11976,20516,16791,12389,8596,12245,7856,23014,22397,14554,32759,17218,4753,5031,2503,8137,4366,23784,6993,12646,6987.1,9635,5019,2287,10108,1982.2,3921,7982,5299,4875.6,14290,19057,6041.8,14613,1590,6182,9734,2240,2836.5,6692,35021,4180.8,8267.3,2150.8,3501,5079,11114,14405,6243,35523,8723,13681,5905,8337,4379,5200,2511.4,2849,16697,4065,4171.4,4654,1409.4,4707.1,1005.4,1383.7,18846,1225.4,7751,12080,6395,1577,7887,7887,1234.7,39255,4521.1,13549,1975,11684,7366.1,2630,4699,34920,5339,1038.2,2389,12380,4291,4904,3050,5056,2566.1,3692,14727.8,5474,8701,6029,3221
2014/12,74599,18103,18103,26470,48259,29328,3851,18254,76085,24639,22446,33427,34439,21242,18495,131565,40107,3382,13118,33192,10482,10872,19162,17732,13391,9598,11936,7197,21058,24113,14721,33433,19948,4613,5331,2411,7719,4318,24468,7496,12641,6572.2,8861,5452,2360,10266,2085.5,4258,7380,5472,5121.3,15895,19554,7314,14980,1635,6153,8597,2134,1840.1,7099,37055,4803.2,8343.3,2415.6,3269,5356,12530,14384,7525,26866,9486,12540,5849,8830,4221,4737,2640.7,2784,15410,4187,4492.8,4664,1484.7,5224.2,1073.3,1444.6,19119,1250.5,8362,11208,5559,1577,8055,8055,1297.1,39617,3686.4,14244,2193,11939,8304,2870,3779,35870,4049,1046.3,2618,15725,3951,4307,2943,4828,2661.3,3504,14771.2,6143,8770,6202,3192
2015/03,58010,17258,17258,21729,48644,22717,3543,17374,59228,25954,22255,26097,32576,23426,16930,114826,30438,3409,10864,31984,9425,10711,20891,17853,12461,9327,12137,6616,22764,19590,12781,35756,12217,4272,5033,2230,7578,7304,22149,6830,10248,5958.9,11793,5040,2362,9213,2080.8,4041,7460,5215,4644.7,13977,26573,7594,13320,1614,5614,10795,2057,1840.7,6894,36332,4563.5,7931.6,2562.6,3150,4897,10111,12370,7127,27454,8360,14129,7837,7762,4070,4394,2555,2723,15975,3978,3918.8,4104,1573.1,4694.7,1109.2,1511.2,18710,1151,7784,7716,6065,1551,6840,6840,1216.2,35712,2240.7,12702,2137,11716,6865.6,5197,3871,33900,4183,1079.2,2379,15552,3597,3089,3409,4691,3024.3,3342,15094.1,5288,7050,6045,3027
2015/06,49605,17727,17727,22180,51368,23185,4042,17787,65395,25642,22274,28446,33015,24600,16553,120229,34864,3518,11853,32224,9785,12156,24829,18743,13101,10706,12843,6859,22521,20813,13195,36263,15923,4875,5370,2390,7686,7274,24543,7130,9010,6497.7,10556,5475,2430,9775,2277.8,4163,7779,5340,4978.7,14095,28795,8244,14690,1735,5429,10431,2403,2280.4,5832,37169,4881.2,8275.1,3628.7,3232,5170,11643,12910,7348,26101,8698,17348,7121,7661,4066,5048,2591.6,2905,15699,4119,4270.9,4358,1644.7,5127.1,1162.2,1634.7,16166,1153,7882,8293,5589,1597,6205,6205,1349.1,38180,2523.8,12317,2297,12114,7363.7,4579,3954,37263,4337,1174.4,2432,13712,3463,3469,2747,4643,2694.5,3434,15240.9,5848,5919,6072,3064
2015/09,51501,18675,18675,20379,58989,25358,4501,17102,59866,24595,22863,27859,39091,23488,16527,117408,30967,3571,12087,33158,10073,11427,21819,18669,13512,8448,12682,6927,21633,19280,14465,41489,16331,4978,5723,2530,7712,7058,25849,6120,8472,6615.1,8138,5944,2450,9611,2334.1,4069,8414,5443,4959.7,14237,28522,8295,13788,1840,5562,8456,3161,3102.9,5456,38644,4914.8,8364.5,3469.5,3429,5150,10060,12036,6564,35778,8592,14360,4873,6849,3999,4871,2777.9,2910,12822,4054,4123.2,4954,1738.4,3512.2,1217.8,1712,18031,1305,7994,7262,6483,1626,6077,6077,1320.1,38843,2144.4,10962,2258,12279,7753.5,2355,3869,38144,5401,1237.9,2420,13599,3707,3116,2971,4718,2714,3354,14953,5783,5582,6304,2939
2015/12,75872,21329,21329,23796,51942,35747,5841,17811,52321,24815,22641,32757,42119,22479,16915,129667,26297,3565,14047,34254,10215,10000,20980,19245,15244,8993,11927,6392,21357,22059,14914,43599,18585,4729,5536,2517,7298,6934,23573,7124,7744,6341.3,8721,6400,2512,9982,2563.3,4287,7686,5496,5375.6,16054,29033,8506,14300,1771,5208,8215,3054,2000,5775,41145,5373.5,8466,3606.9,3189,5188,11520,11462,7079,27220,8791,13236,5299,7364,3899,4679,2839.3,2863,13831,4119,4652.5,4069,1823.3,4323,1306.4,1809.4,17044,1401,7809,6293,4234,1727,7375,7375,1380.6,39621,1795.4,11030,2556,12453,8962.1,2219,3800,40251,3568,1280,2715,14256,3636,2806,2556,4539,2807,3275,15048.5,6328,5082,6617,2781
2016/03,50557,20257,20257,20531,52403,29128,5382,17482,42290,25411,23500,27836,40535,22036,15755,115904,21418,3626,13005,32171,9312,10282,22762,18790,12969,9012,12000,6083,20495,18684,13702,44527,11862,4530,5527,2446,7409,7567,22632,6570,6520,5903.9,7803,5958,2530,9522,2511.6,4391,8032,5370,4865.1,14418,30184,7794,13357,3541,4829,8640,2917,2148.1,5551,43215,4993.2,8397.1,3795.9,3008,4885,11702,10703,7308,28170,8513,15234,7405,6455,3762,6877,2726.8,2624,11779,3974,4294.8,3835,1957.7,5387.2,1383.3,1916.6,18433,1305,7724,5121,5622,1804,7228,7228,1336.7,37265,1357.5,9461,2544,12654,7542.4,4532,3847,37718,3965,1289,2495,14329,3195,2123,2921,4476,3248.6,3274,15693.4,5763,4198,6681,2618
2016/06,42358,21500,21500,20614,54460,30404,6436,18482,50925,26846,23575,30344,40520,22853,16102,120854,26060,3630,13147,30532,9844,11539,26472,19269,14277,10594,12638,6649,20668,20238,13533,46485,15395,4881,5688,2694,7662,7166,24755,6793,7164,6265,9708,6452,6161,9991,2754.3,4871,8244,5804,5404.8,14629,29498,7776,14874,3792,4770,9663,3195,2555.9,6044,43725,5238,8969,3684.8,3273,5333,12914,11952,6952,26769,8671,18260,7061,6302,3845,7897,2894.2,2804,14724,4110,4535.2,3817,2105.2,5785,1398.7,2036.6,15244,1428,7665,5348,5484,1868,6646,6646,1315.4,42372,1820.8,10342,2650,12979,7882.1,4189,3899,39485,4459,1442.2,2840,14439,3144,2531,2598,4588,2898.2,3431,15952.3,6035,3835,6732,2704
2016/09,46852,22451,22451,20453,59068,32714,7011,17820,51330,27140,23863,29038,40890,24044,16518,118179,27387,4261,13045,30937,10536,10633,23154,21319,13142,8595,12352,6982,20934,19226,15778,46293,16027,5193,5811,2880,7709,7345,23898,6267,7019,6424.1,9943,6432,10037,9804,2982.8,4922,9061,5765,5191.7,14928,28636,7500,14354,4136,5174,9640,3205,3690.6,6184,44615,5711.2,8965.6,3622.2,3675,5302,11551,12483,7167,36560,8204,15739,4917,6396,3867,8527,2955.8,2837,12854,4142,4490.9,4805,2290.2,4132.1,1464,2144.8,17723,2004,7731,6415,6821,1955,6506,6506,1357.2,42825,1980.1,9160,2667,14663,8291.7,2562,4041,35943,6264,1514.8,2833,16961,3330,2648,3132,4594,2916.9,3495,15781.5,6033,3833,6978,2710
2016/12,78351,26064,26064,24090,57673,43741,8809,18106,52973,26089,23238,32469,41841,22563,16856,130936,28445,4461,13627,32340,10115,9409,22207,21025,14784,9035,11580,6971,20289,21770,16374,47523,19515,4733,5965,2756,7329,7283,23286,6857,7107,6028.9,10258,6796,10275,9985,2980.5,5243,8180,5805,5760.5,16931,28501,7320,14659,4139,5168,10006,3186,2348.4,5999,45971,5732.9,9005.6,3864.3,3414,5333,13752,13020,7891,28099,8435,15784,5211,6770,3721,8168,2872,2890,13010,4197,4953.2,3699,2477.5,4584.3,1608.4,2294,12076,2173,8233,6809,4816,2017,7682,7682,1426,43918,2429.6,9574,2981,14931,9467.6,2650,3852,38654,5181,1539.5,3157,13050,3389,2788,3082,4544,2987.3,3399,15727,6238,4021,7128,3037
