time	서부 텍사스 중질유 가격	브랜트유 가격	천연가스 선물	가솔린 선물	난방유 선물	납 선물	주석 99.85% 선물	SHG 아연 99.995% 선물	LME Index	금 선물	은 선물	밀 선물	옥수수 선물	대두 선물	쌀	설탕 선물	커피 선물	오렌지쥬스 선물	돼지 선물	생우 선물	MSCI 선진국 부동산	MSCI 이머징 부동산	영국 Halifax 주택가격(계절조정)	영국 Nationwide 주택가격(계절조정)	북경 주택가격	천진 주택가격	상해 주택가격	광주 주택가격	심천 주택가격	다우존스 Equity REITs	MSCI World REITs	MSCI AC  World REITs	MSCI Europe REITs	Reuter CRB(EW)곡물지수	Reuter CRB(EW)상품선물지수	Reuter CRB(EW)에너지지수	Reuter CRB(EW)산업지수	Reuter CRB(EW)귀금속지수	RJ CRB 상품선물지수	서부 텍사스 중질유 가격 y-y	브랜트유 가격 y-y	천연가스 선물 y-y	가솔린 선물 y-y	난방유 선물 y-y	납 선물 y-y	주석 99.85% 선물 y-y	SHG 아연 99.995% 선물 y-y	LME Index y-y	금 선물 y-y	은 선물 y-y	밀 선물 y-y	옥수수 선물 y-y	대두 선물 y-y	쌀 y-y	설탕 선물 y-y	커피 선물 y-y	오렌지쥬스 선물 y-y	돼지 선물 y-y	생우 선물 y-y	MSCI 선진국 부동산 y-y	MSCI 이머징 부동산 y-y	영국 Halifax 주택가격(계절조정) y-y	영국 Nationwide 주택가격(계절조정) y-y	북경 주택가격 y-y	천진 주택가격 y-y	상해 주택가격 y-y	광주 주택가격 y-y	심천 주택가격 y-y	다우존스 Equity REITs y-y	MSCI World REITs y-y	MSCI AC  World REITs y-y	MSCI Europe REITs y-y	Reuter CRB(EW)곡물지수 y-y	Reuter CRB(EW)상품선물지수 y-y	Reuter CRB(EW)에너지지수 y-y	Reuter CRB(EW)산업지수 y-y	Reuter CRB(EW)귀금속지수 y-y	RJ CRB 상품선물지수 y-y	천연고무 선물	Dram Exchange 지수
2000-01-01	27.6	26	2.7		1	478	5870	1141	1366.8		5.3	256.3	220	508	5.8	5.4	111.1	79.5	56.8	70.2	108.4	110.5	274.7	152.3										169.7	210.5	225.5	205.8	254.7	165.4	116.8	128.8	49.8		187.1	-2	14	16.9	37.4		1.2	-7	2.6	0.2	-30.4	-23.8	6.9	-23.6	38.3	13.2	13.7	10.5	15.7	13										-0.6	10.9	85.7	12.5	9.2	33.1	74.4	
2000-02-01	30.4	28.1	2.8		0.8	460	5570	1091	1293.1		5	247	215	501.3	5.3	4.7	99.9	85	58.1	69.8	102.7	104	272.5	155.7										169.4	208.8	240	199.5	257.2	170.2	148	158.2	69.6		155.4	-11.4	5.1	3.5	28.7		-10.4	4.1	5.1	11.5	-26.4	-26.7	-2.7	2.7	35.1	7.1	6.7	4.8	14.9	15.1										7.5	14.1	104.6	14.2	4.6	43.2	74	
2000-03-01	26.9	24.8	2.9		0.8	454	5410	1122	1295.7		5	262.3	236	545.5	5.8	5.9	103.7	81.8	64.4	72.2	110.4	98	271.8	158.5										179.3	214.4	229.7	200.1	256.9	170.5	60.5	62.5	46.3		75.3	-11	2.9	11.6	28.5		0.8	-6.4	4.7	12.8	-19.4	-0.2	-5.5	-0.7	53.8	9	8	-8	13.3	16.1										3.9	11.7	50.4	12.4	11.5	26.8	69.5	
2000-04-01	25.7	23.9	3.1		0.7	430	5415	1169	1273.9		5	242.3	223.8	526.5	5.2	5.2	95.3	78.8	76.7	74.3	105.6	91.3	273.4	160.9										172.9	211	223.5	195.2	252.9	168.3	37.9	44.2	39.4		64.6	-21.2	-3.1	7.6	13.3		-8.3	-6.5	4.2	10.5	-33.9	-3.4	-8.2	-3.1	29.8	11.5	-7.3	-26.6	13.8	17.5										4.2	9.7	40.4	1.1	6.6	22	68.6	
2000-05-01	29	28.3	4.4		0.7	430	5370	1138	1255		4.9	274.8	225	517.5	5.5	7.6	93	81.4	68.3	67.8	95.6	82.4	273.3	160.5										173.3	222.3	247.6	208.5	259.8	182.1	72.3	86.3	84.7		87.6	-12.4	0.4	15.4	23.6		1.1	8.9	2.5	12.1	-20	51	-23.5	-9.6	29	5.5	-13.4	-32.9	11.5	15.9										9	19	69.4	20.8	14.2	38.5	64.4	
2000-06-01	32.5	30.6	4.5		0.8	449	5510	1153	1287.7		5	259.5	187.5	477.5	4.7	8.5	84.9	83.8	70.6	67.5	100.8	80.3	271.6	160.4										161.4	223.9	266.3	199.4	271.4	187.8	68.5	74.6	87		75.8	-10.4	4.6	10.3	13		-4.9	3.8	-11.2	6.5	-35.7	51.8	-16.3	-2	57.3	5.8	-11.3	-40.6	9.3	14.9										-0.4	16.9	57	6.2	19.1	33.9	65.8	
2000-07-01	27.4	26.9	3.8		0.8	483	5295	1168	1304.2		5	246.3	180.3	446	5.9	10.4	86.5	75.8	67.3	66.7	104.1	77.6	273.7	160.2										150.3	218.6	243.5	214.3	270.7	179	33.6	39	48.4		49.4	-4	1.1	7.4	13.3		-8	-6.6	-11.3	2.6	-5.7	73.9	-5.1	-1.9	39.3	3.9	-7.6	-34.6	8.4	13.8										-4.2	14.8	35.9	15.7	19.3	26.2	80.2	
2000-08-01	33.1	31.7	4.8		1	476	5410	1180	1335.9		5	250.8	183.8	494.8	6.3	10.6	74.5	73.8	52.9	66.2	109.1	80.2	274.5	160										164.3	227.4	278.6	222.1	271.3	195.2	49.8	48.7	69.3		69.6	-10.5	2.9	-1.3	9.4		-2.9	-5.3	-10.5	3.4	9	54.8	-13.6	-21.1	15.6	-0.9	-1.7	-26.8	7.4	11.1										-3.4	14.1	46.7	20.4	20.8	30.9	69.5	
2000-09-01	30.8	29.8	5.2		0.9	504	5400	1154	1355.1		4.9	265	197.8	490.5	6.3	9.8	83	71.5	58.4	69.1	109.2	71.8	280.4	160.5						136.5				163	226.6	269.6	220.7	266.9	192.6	25.8	26.5	89		50.1	-2.3	0.3	-4.2	7.9		-12.1	-3.9	-5	-0.2	5.7	39.8	0.7	-18.2	19.1	1.2	3.5	-30.1	9.7	10.1										-2.7	10.4	33.7	14.8	6.5	23.9	80.4	
2000-10-01	32.7	30.8	4.5		0.9	503	5260	1077.5	1258.2		4.8	254.8	206	459.8	6.2	9.9	74.4	66.2	51.2	72.5	102.2	62.2	277	162						130				160.3	219.3	269.5	213.5	260.7	190.5	50.3	41.8	51.6		63.9	0.2	-8.5	-6.9	0		-8.1	-0.4	3.3	-2.3	13.3	43.9	-25.7	-28	10	0.4	-2.3	-41.7	5	9.9										0.3	8.8	42.4	12.6	5.8	27.3	86.7	
2000-11-01	33.8	31.9	6.6		1.1	483	5335	1065	1259.5		4.7	256	208.8	506	6.3	9.8	67.2	78.3	54.5	72.2	102.4	63.8	278.6	163.7						131.5				170.9	229.8	271.5	220.6	266.4	199.7	37.5	34.9	186		64.2	-3.2	-8.6	-9.9	-1.6		-9.8	9.9	11.3	6.2	9.2	68.7	-48.4	-19.4	4.4	2.7	-7.1	-39.2	6.5	9.1										8.6	12.6	37.8	17.6	7.4	29.7	87.2	
2000-12-01	26.8	23.9	9.8		0.9	482.5	5195	1043.5	1264.9		4.6	279.5	231.8	499.5	5.9	10.2	65.6	74.6	56.8	80.2	110.9	65.6	277	165.1						139.6				174.9	227.8	236.9	211	265.7	195.9	4.7	-4.8	319.7		31.3	-2.6	-15.2	-15.5	-6.7		-15.3	12.5	13.3	8.2	15.2	66.7	-47.9	-16.1	4.3	15.3	-2	-43.7	3.2	9.2										11.7	11.5	15.1	9.4	4.9	24.2	68.7	
2001-01-01	28.7	26.7	5.7		0.8	509	5235	1048	1289.7		4.8	273	209	459.5	5.8	10	63.8	77.6	54.8	77.6	111.4	74.2	277.9	169.3						139.7				164.8	224.1	245	207.6	265.4	195.6	3.7	2.7	114.4		-17.4	6.5	-10.8	-8.2	-5.6		-9.4	6.5	-5	-9.5	-0.7	83.6	-42.6	-2.4	-3.4	10.5	2.8	-32.8	1.2	11.2										-2.9	6.5	8.6	0.9	4.2	18.2	59.9	
2001-02-01	27.4	25.6	5.2		0.7	515	5160	1033	1244.6		4.5	265	214.5	453.5	6	9.3	63.9	72.3	62.8	82.4	113.5	73.4	282.3	168.5						136.5				166	221.8	242.8	191.3	261.3	193.5	-10	-9	89.6		-11.1	12	-7.4	-5.3	-3.7		-11.4	7.3	-0.2	-9.5	13.5	99.6	-36	-14.9	8.1	18.1	10.4	-29.4	3.6	8.2										-2	6.2	1.2	-4.1	1.6	13.7	57.8	
2001-03-01	26.3	24.7	5		0.8	492	5025	992	1177.2		4.3	255	203.3	428.5	5.4	7.8	60.3	75.2	64.5	78.4	102.8	62.2	284.8	169.8						137.2				155.6	210.3	242.7	171.3	245.5	183.3	-2.3	-0.1	70.6		-3.4	8.4	-7.1	-11.6	-9.1		-14.8	-2.8	-13.9	-21.4	-7.4	31.4	-41.9	-8.1	0.2	8.6	-6.9	-36.5	4.8	7.2										-13.2	-1.9	5.7	-14.4	-4.5	7.5	63.5	
2001-04-01	28.5	27.9	4.7		0.7	482	5055	969	1211.1		4.3	272.8	199.3	434.3	5.5	9.5	61.9	72	67.6	77.1	104.1	63.6	289.2	171.5						140				160.7	214.5	263	177.2	254.2	189.6	10.6	16.7	49.5		1.6	12.1	-6.6	-17.1	-4.9		-12.9	12.6	-10.9	-17.5	6.8	84.1	-35.1	-8.7	-11.8	3.8	-1.4	-30.3	5.8	6.6										-7.1	1.6	17.7	-9.2	0.5	12.7	67.5	
2001-05-01	28.4	29.3	3.9		0.8	474	4890	934	1190.4		4.4	267	192.8	451	5.7	8.6	57.2	79.8	68.8	74.6	103.5	65	292.5	173						142.4				154.4	209	257.3	165.5	257.5	183.7	-2.2	3.6	-10.1		5.4	10.2	-8.9	-17.9	-5.1		-11	-2.8	-14.3	-12.9	4.7	13.2	-38.5	-1.9	0.8	10.1	8.2	-21.1	7	7.8										-10.9	-6	3.9	-20.6	-0.9	0.9	73	
2001-06-01	26.3	26.1	3.1		0.7	453	4625	894	1128		4.3	246.8	188.8	482.5	5.1	9.6	56.1	75.5	72.8	71.5	104.4	64.1	297.4	175.3						149.9				157.7	205.6	232.7	161.6	251	174.9	-19.2	-14.7	-30.8		-15.7	0.9	-16.1	-22.5	-12.4		-14.7	-4.9	0.7	1	9.2	12.8	-33.9	-9.9	3	6	3.6	-20.2	9.5	9.3										-2.3	-8.2	-12.6	-18.9	-7.5	-6.9	79.7	
2001-07-01	26.4	24.7	3.3		0.7	497	4125	862.5	1080.5		4.2	278.5	218.8	512.8	4.9	7.9	52	79.4	70.7	71.9	102.6	63	299.4	177.4						146.1				172.3	202.7	228.7	158.8	234.9	173.9	-3.9	-8.3	-12.7		-10.5	2.9	-22.1	-26.2	-17.2		-15.9	13.1	21.4	15	-16.6	-23.8	-39.9	4.8	5.2	7.7	-1.4	-18.8	9.4	10.8										14.6	-7.3	-6.1	-25.9	-13.2	-2.9	75.6	
2001-08-01	27.2	26.4	2.4		0.8	486	3923	848.5	1072.2		4.2	278	219	479.5	4	7.9	50.5	79.3	58.3	71.8	105.6	62.2	304.9	179						150.8				167.3	199.6	239.3	151.1	230.2	172.8	-17.9	-16.7	-50.2		-22.1	2.1	-27.5	-28.1	-19.7		-16.8	10.9	19.2	-3.1	-36.5	-25.1	-32.2	7.5	10.1	8.4	-3.2	-22.4	11.1	11.9										1.8	-12.2	-14.1	-32	-15.2	-11.5	65.9	
2001-09-01	23.4	23.3	2.2		0.7	466	3750	795	1014.5		4.6	270.8	214.5	451.3	4.1	6.7	48.3	79.4	58.6	66.2	92.7	54.2	304.3	183.8						143.8				163.2	190.5	213.7	140.2	242	158.3	-24	-22.1	-56.7		-28.2	-7.5	-30.6	-31.1	-25.1		-5.1	2.2	8.5	-8	-35.8	-31.4	-41.8	11.1	0.4	-4.1	-15.1	-24.5	8.5	14.5						5.3				0.1	-15.9	-20.7	-36.5	-9.3	-17.8	58.2	
2001-10-01	21.2	20.4	3.3		0.6	478	3765	770	974.1		4.2	293.3	205.5	428.5	3.6	6.7	43.9	90.9	51.7	66.2	89.5	53.5	303	183.4						139.1				163	185.7	197.9	126.2	229.5	150.9	-35.2	-33.8	-26.7		-36.5	-5	-28.4	-28.5	-22.6		-11.4	15.1	-0.2	-6.8	-41.9	-31.9	-41	37.2	0.9	-8.7	-12.4	-14	9.4	13.2						7				1.7	-15.3	-26.6	-40.9	-12	-20.8	66.4	814
2001-11-01	19.4	19.1	2.7		0.5	490	4205	805	1108.1		4.1	281.5	208.5	444.5	4	7.7	42.6	95.1	50.3	67.2	92.7	57.4	311.1	184.8						146.2				165.5	192.7	177.5	156.4	230.6	151.9	-42.5	-40	-59		-49.5	1.4	-21.2	-24.4	-12		-11.7	10	-0.1	-12.2	-36	-21.2	-36.6	21.5	-7.6	-6.9	-9.5	-10.1	11.7	12.9						11.2				-3.2	-16.2	-34.6	-29.1	-13.4	-24	55.9	1205.3
2001-12-01	19.8	19.9	2.6		0.6	497	3940	788	1049.4		4.6	289	209	421	3.7	7.4	46.2	89.1	57.1	68.2	94.1	59.9	319.9	187.9						148				159	190.6	183.9	141.8	246.8	148	-26	-16.6	-73.7		-39.3	3	-24.2	-24.5	-17		-0.1	3.4	-9.8	-15.7	-37.7	-27.5	-29.5	19.4	0.4	-15	-15.1	-8.8	15.5	13.8						6				-9.1	-16.3	-22.4	-32.8	-7.1	-24.5	70	1808.1
2002-01-01	19.5	19.2	2.1		0.5	495	3930	794	1088.3		4.2	286	206	430.3	3.7	6.4	45.1	86.4	56.3	73.8	91.7	64.3	325.9	189.1						147.6				160.8	187.3	182.1	151	233.8	145.6	-32	-28.1	-62.5		-33.5	-2.8	-24.9	-24.2	-15.6		-12	4.8	-1.4	-6.4	-35.3	-35.9	-29.3	11.3	2.6	-4.9	-17.7	-13.4	17.3	11.7						5.7				-2.4	-16.4	-25.7	-27.3	-11.9	-25.5	86	2669.1
2002-02-01	21.7	21.3	2.4		0.6	493.5	3850	813	1093.9		4.5	267.3	200.5	435.8	3.5	6	44.8	92.6	60.4	70.4	91.4	63.7	329.2	192.1						149.8				159.5	192.3	197.2	148.8	250	150.7	-20.6	-16.6	-55		-23.3	-4.2	-25.4	-21.3	-12.1		0.6	0.8	-6.5	-3.9	-40.9	-35.5	-30	28	-3.9	-14.6	-19.5	-13.2	16.6	14						9.8				-3.9	-13.3	-18.8	-22.2	-4.3	-22.1	89.3	3314.7
2002-03-01	26.3	25.9	3.3		0.7	498	4040	843	1130.7		4.6	285	202.5	476.3	3.7	5.9	57.2	92.5	51.9	70.4	95.1	63.7	331.6	193.4						157.9				165.1	204.9	237.3	158.1	260.5	167.2	0.1	4.8	-34.7		-11.6	1.2	-19.6	-15	-4		8.5	11.8	-0.4	11.1	-31.1	-23.5	-5.1	23.1	-19.5	-10.1	-7.5	2.4	16.4	13.9						15.1				6.1	-2.5	-2.3	-7.7	6.2	-8.8	87.8	2888.4
2002-04-01	27.3	26.5	3.8		0.7	474.5	4100	822	1119.6		4.5	261.8	193.5	462.3	3.5	5.7	50.7	90.1	45.6	66.7	99.5	63.6	334	199.8						158.3				158.9	201.2	239.2	151.1	261.6	166.6	-4.1	-5.1	-19.2		-7.3	-1.6	-18.9	-15.2	-7.6		4.9	-4	-2.9	6.4	-36.6	-40.2	-18	25.2	-32.5	-13.5	-4.4	0	15.5	16.5						13.1				-1.1	-6.2	-9.1	-14.7	2.9	-12.1	88.3	2808.3
2002-05-01	25.3	24.5	3.2		0.6	461	4170	782	1111.8		5	282.3	214	508.8	4.3	5.9	51.9	91.8	46.8	60.5	102	62.7	347.1	204						159.7				168.9	204.2	222.5	162.9	278.4	165.8	-10.8	-16.7	-17.8		-19.2	-2.7	-14.7	-16.3	-6.6		14.3	5.7	11	12.8	-25.4	-31	-9.2	15	-32.1	-19	-1.4	-3.5	18.7	17.9						12.1				9.4	-2.3	-13.5	-1.6	8.1	-9.7	98	2413.1
2002-06-01	26.9	25.6	3.2		0.7	461	4460	822	1123.1		4.8	307	225.5	536.5	4.1	5.9	46.5	91.2	50.5	63.4	98.2	57.6	355.1	209.9						162.7				182.7	209.3	233.9	181	269.8	169.2	2.3	-1.9	4.8		-4.1	1.8	-3.6	-8.1	-0.4		12.6	24.4	19.5	11.2	-20	-38.4	-17.1	20.8	-30.5	-11.4	-5.9	-10.2	19.4	19.8						8.5				15.8	1.8	0.5	12	7.5	-3.2	107.9	2151.8
2002-07-01	27	25.4	3		0.7	436.5	4005	775	1054.3		4.6	334	247.3	567.5	4.6	5.8	46.8	101.5	51.8	65	93.6	56.2	361.6	214.4						153.7				192.5	211	234.1	168.1	260.2	169.8	2.5	3	-10.4		-3	-12.2	-2.9	-10.1	-2.4		9.1	19.9	13	10.7	-5.9	-26.9	-9.9	27.8	-26.8	-9.6	-8.7	-10.8	20.8	20.8						5.2				11.7	4.1	2.4	5.8	10.8	-2.3	93	2469.5
2002-08-01	29	27.5	3.3		0.7	444	3850	783	1053.6		4.4	362.3	259.5	559	4	6	51.5	99.5	30.9	64.7	89.8	54	360.2	219.6						153.2				204.7	219.2	251.1	166.6	266.8	177.5	6.5	4	38.5		-2.4	-8.6	-1.9	-7.7	-1.7		6.6	30.3	18.5	16.6	-0.8	-24.4	2	25.6	-47	-9.9	-15	-13.3	18.1	22.7						1.6				22.4	9.8	4.9	10.2	15.9	2.7	108.6	2097.8
2002-09-01	30.5	28.8	4.1		0.8	417.5	4125	760	1029.4		4.5	396.5	251.5	545.8	4	6.9	54.5	97	40.2	67.4	84.5	51.4	377.6	224.5						145.7				205.6	226.5	259.9	160.1	271.2	182.9	30	23.6	84.4		20.8	-10.4	10	-4.4	1.5		-2.5	46.4	17.2	20.9	-0.5	2.8	12.8	22.2	-31.4	1.8	-8.9	-5.3	24.1	22.1						1.3				25.9	18.9	21.6	14.2	12.1	15.5	105.1	2015.2
2002-10-01	27.2	25.7	4.2		0.7	444	4235	794	1101.1		4.5	402.3	247.5	565.3	3.7	7.6	66	98.5	43.1	68.4	84.6	50	393.6	227.4						138				206.3	228.9	240.2	168.7	269.7	181.4	28.5	26.3	26.3		24.4	-7.1	12.5	3.1	13		6.8	37.2	20.4	31.9	3.9	13.4	50.2	8.4	-16.5	3.3	-5.5	-6.4	29.9	24						-0.8				26.6	23.3	21.4	33.7	17.5	20.2	105.5	2955
2002-11-01	26.9	25.2	4.2		0.8	470	4390	828	1146.3		4.4	373	240.3	578.8	4.1	7.6	66.6	102.1	46.6	74.8	88	50	401.1	231.9						143.9				199.8	230.6	237.3	181.6	269.5	182.8	38.3	31.5	55.5		42.2	-4.1	4.4	2.9	3.5		6.9	32.5	15.2	30.2	1.7	-0.9	56.3	7.3	-7.5	11.2	-5	-12.8	28.9	25.5						-1.6				20.8	19.7	33.7	16.1	16.9	20.4	105.1	2864.8
2002-12-01	31.2	28.7	4.8		0.9	436	4280	767	1089.7		4.8	325	235.8	569.5	3.9	7.3	60.2	91.8	51.6	75.4	85.4	47.3	392	235.5						143.3				188.2	234.5	269.3	176.6	289.1	194.4	57.3	44	86.3		57.2	-12.3	8.6	-2.7	3.8		4.8	12.5	12.8	35.3	4.3	-0.8	30.3	3	-9.6	10.5	-9.2	-21	22.5	25.3						-3.1				18.4	23	46.5	24.5	17.1	31.4	111.5	3160.8
2003-01-01	33.5	31.1	5.6		1	475	4550	821	1182.3		4.9	320.5	238.3	564	4.4	8.6	65.3	89.2	50.9	82.6	83.6	49.7	398.2	239.1						138.6				187.6	248.5	293.7	192.2	304.3	210.6	72	62.1	162.2		83.4	-4	15.8	3.4	8.6		15.1	12.1	15.7	31.1	19.1	35.4	44.8	3.2	-9.5	12	-8.8	-22.7	22.2	26.4						-6.1				16.6	32.7	61.3	27.3	30.1	44.6	111.4	2662.2
2003-02-01	36.6	32.8	8.1		1.3	469	4600	817	1186.9		4.7	312.5	231.8	577	4.5	8.9	56.9	82.4	54.6	79.1	82.9	48.3	406.4	239.8						140				185.6	247.3	319.3	195.8	295.5	222	68.4	53.7	243.7		123.2	-5	19.5	0.5	8.5		3.5	16.9	15.6	32.4	28.3	48.6	27	-11	-9.6	12.4	-9.3	-24.1	23.5	24.8						-6.5				16.3	28.6	61.9	31.6	18.2	47.3	119.9	2166.1
2003-03-01	31	27.2	5.1		0.8	449.5	4540	777	1109.2		4.5	286.8	236.5	574.5	5.1	7.7	58.7	86.8	50.3	75.8	80.2	46.4	411.6	244.4						141.7				182.7	232.2	263.9	187.1	285.1	204.2	18	4.9	54.1		18.5	-9.7	12.4	-7.8	-1.9		-3.9	0.6	16.8	20.6	37.6	29.5	2.5	-6.2	-3	7.6	-15.7	-27.1	24.1	26.4						-10.3				10.6	13.3	11.2	18.3	9.4	22.1	125.1	2257.2
2003-04-01	25.8	23.7	5.4		0.8	460	4665	784	1129.8		4.6	279.5	232.8	623.5	6.2	7.3	68.3	81.1	58	79.1	81.9	48.7	414.3	244.1						147.2				185.6	232.5	234	187.4	282.5	200	-5.5	-10.5	41.9		10.5	-3.1	13.8	-4.6	0.9		2.3	6.8	20.3	34.9	78.3	28.5	34.6	-10	27.1	18.5	-17.7	-23.4	24	22.1						-7				16.8	15.6	-2.2	24	8	20	117.1	2259.6
2003-05-01	29.6	26.3	6.3		0.8	470	4850	785	1191.1		4.5	324.3	244.3	624.5	5.9	7.1	58.4	84.1	64.9	82	88.5	51.8	419.4	247.3						155.1				195.4	235.6	252.7	185.8	292.7	208.6	16.8	7.6	94.3		19.8	2	16.3	0.4	7.1		-9.9	14.9	14.1	22.8	37.1	20	12.4	-8.4	38.7	35.6	-13.2	-17.5	20.8	21.2						-2.8				15.7	15.4	13.6	14.1	5.1	25.8	135.5	2234.7
2003-06-01	30.2	28.3	5.4		0.8	479	4650	800	1149.4		4.5	301.8	228.5	621.3	5.8	6.3	58.9	85.3	64.1	73.2	89.5	57.6	422.6	250.4						157.2				185.7	233.8	261.4	195.9	293.3	208.9	12.4	10.8	66.7		14.9	3.9	4.3	-2.7	2.3		-6.5	-1.7	1.3	15.8	42.2	7.1	26.7	-6.5	26.8	15.5	-8.9	0	19	19.3						-3.4				1.6	11.7	11.7	8.3	8.7	23.4	117.7	2625.3
2003-07-01	30.5	28.4	4.7		0.8	523	4820	872	1243.9		5.1	348.5	206	532.5	7.4	7.2	63.5	79.5	57.3	78.9	93.2	59.8	428.4	252.4						165				180.4	234.2	265.4	202.3	309.8	211.4	13	11.5	59.7		17.3	19.8	20.3	12.5	18		11.3	4.3	-16.7	-6.2	60.3	24.3	35.6	-21.7	10.7	21.3	-0.5	6.4	18.5	17.7						7.4				-6.3	11	13.4	20.4	19.1	24.5	134	3293.2
2003-08-01	31.6	29.5	4.7		0.8	503	4890	824	1220.2		5.1	367.5	233.3	595	7.5	6.3	61.5	79.2	54.8	84.4	97.7	62	435.5	256						165.2				205.1	243.7	277.8	202.1	319.5	220.5	8.9	7.4	43.5		9.4	13.3	27	5.2	15.8		15.1	1.4	-10.1	6.4	88.6	5.2	19.3	-20.4	77.4	30.3	8.7	14.9	20.9	16.6						7.8				0.2	11.2	10.6	21.3	19.8	24.2	133	3437.9
2003-09-01	29.2	27.6	4.8		0.8	547	5035	844	1238.5		5.1	360.3	220.3	677.3	7.3	6.2	62.9	76.2	55.5	90	101.5	67.2	439.8	259.4						169.5				205	243.7	247.7	217.5	322.4	217.3	-4.1	-4	16.7		-3	31	22.1	11.1	20.3		13.4	-9.1	-12.4	24.1	81.4	-10	15.4	-21.5	38.1	33.5	20.2	30.8	16.5	15.6						16.3				-0.3	7.6	-4.7	35.9	18.9	18.8	135.2	3454.7
2003-10-01	29.1	27.7	4.9		0.8	655	5360	968	1392.3		5.1	369.5	247.3	794.3	7.5	5.9	58.7	67.6	53.3	101.8	105.8	71.8	447.3	264						171.9				225.8	247.6	255.7	247.3	326.4	223.7	6.9	7.7	17.7		5.6	47.5	26.6	21.9	26.4		12.4	-8.1	-0.1	40.5	101.6	-22.4	-11.1	-31.4	23.7	48.8	25	43.5	13.6	16.1						24.6				9.4	8.2	6.5	46.6	21	23.3	157.1	3578.8
2003-11-01	30.4	28.5	4.9		0.8	639.5	5565	955	1407.3		5.4	394.3	245	756.3	8.4	6.3	57.8	68.5	50	102	107.2	67	452.6	267.2						178.5				227.1	249.9	268.7	232.3	340.1	225.6	13.1	13.1	17.3		10.3	36.1	26.8	15.3	22.8		21.3	5.7	2	30.7	106.1	-17.9	-13.3	-32.9	7.3	36.4	21.8	33.9	12.8	15.2						24.1				13.6	8.3	13.2	27.9	26.2	23.4	134.1	3396.3
2003-12-01	32.5	30.2	6.2		0.9	724	6525	1017	1569		6	377	246	789	8.5	5.7	65	64.1	53.4	77.2	112.5	71.1	459.6	272.3						183.5				225.8	255.3	283.3	256.6	364.1	239	4.2	5.3	29.2		5.5	66.1	52.5	32.6	44		24	16	4.3	38.5	121.8	-22.6	7.9	-30.1	3.5	2.5	31.7	50.3	17.2	15.6						28				19.9	8.9	5.2	45.3	25.9	22.9	139.4	3238.6
2004-01-01	33.1	29.2	5.4		0.9	769	6480	1043	1624.2		6.2	389	276.3	819.5	8.1	5.9	75.5	61.6	57.4	76.7	118.7	78.4	470.7	273.1						190.9				240.7	262.6	292.7	262	368.3	245	-1.4	-6.2	-3.7		-2.9	61.9	42.4	27	37.4		28.7	21.4	15.9	45.3	81.9	-32.2	15.6	-30.9	12.6	-7.1	41.9	57.6	18.2	14.2						37.7				28.3	5.7	-0.3	36.3	21.1	16.3	134.8	3721
2004-02-01	36.2	32.2	5.4		1	890	6950	1138	1766		6.7	380.8	296.3	942.5	9	6	75.1	58.8	62	81.5	122.5	79.6	480.6	280.6						193.5				256.6	274.7	316.9	287.9	383.8	263.3	-1.2	-1.7	-33.1		-23.5	89.8	51.1	39.3	48.8		43.8	21.8	27.8	63.3	97.8	-32.2	32	-28.6	13.7	3	47.8	64.6	18.3	17						38.2				38.3	11.1	-0.8	47	29.9	18.6	144.2	4043.8
2004-03-01	35.8	31.5	5.9		0.9	822	8475	1110	1780		7.9	408	320	995	9.5	6.4	73.8	60.3	66.7	84	125.9	77	490.3	285.4						203.3				272.6	283.8	314.9	266.3	419.7	267.6	15.2	15.9	17.3		11.9	82.9	86.7	42.9	60.5		77.9	42.3	35.3	73.2	84.6	-16.7	25.7	-30.5	32.4	10.8	57	65.8	19.1	16.8						43.5				49.2	22.2	19.3	42.3	47.2	31	140.7	5024.7
2004-04-01	37.4	34.5	5.9		1	731	8625	1043	1627.6		5.9	381.5	316.5	1034	11.3	6.6	67.2	58.1	74.4	88.3	114.1	70.3	500.1	290						172.8				267	272.5	337.1	245.8	355	265.6	44.9	45.6	8.9		25.2	58.9	84.9	33	44.1		26.5	36.5	36	65.8	81.1	-9.9	-1.6	-28.3	28.4	11.7	39.2	44.5	20.7	18.8						17.4				43.9	17.2	44.1	31.2	25.7	32.8	142.7	5074.3
2004-05-01	39.9	36.6	6.4		1	833	9000	1110	1695.3		6.1	362	304	814	10.2	7.1	85.6	56.1	75.8	89.3	117.8	68.2	509.2	295.3						184.5				235.2	277.3	357.4	252.7	363.4	276.8	34.9	39	3.1		32.5	77.2	85.6	41.4	42.3		34.9	11.6	24.5	30.3	73.3	-0.3	46.6	-33.3	16.9	8.8	33.1	31.8	21.4	19.4						18.9				20.4	17.7	41.4	36	24.2	32.7	153.2	4810
2004-06-01	37.1	34.5	6.2		1	837	8760	992	1664		5.8	338	257.5	893	10.1	7.2	73.1	61.8	79	87.3	119	68.6	514.8	298.5						188.6				218.9	265.9	339.9	228.2	350.9	262.6	22.7	21.8	13.7		28.8	74.7	88.4	24	44.8		27.8	12	12.7	43.7	73.4	14.4	24.1	-27.6	23.3	19.2	32.9	19.1	21.8	19.2						20				17.9	13.8	30	16.4	19.7	25.7	158.9	4685.3
2004-07-01	43.8	40	6.1		1.2	879	8825	1042	1720.3		6.6	312.3	217.3	599.5	7.1	8.3	66.5	61.5	77.8	86	119.3	69	520.4	303.7						188.7				184.6	267.8	386.5	220.5	370	273.4	43.4	41.1	29.5		45.8	68.1	83.1	19.5	38.3		28	-10.4	5.5	12.6	-4.7	14.8	4.7	-22.6	35.7	9.1	28	15.4	21.5	20.3						14.4				2.3	14.3	45.6	9	19.4	29.3	141.4	4698
2004-08-01	42.1	39.6	5.1		1.1	858	8925	974	1684.9		6.8	309.8	227.8	627.3	7.9	8	69.3	73.5	66	84.2	126.2	67.9	517.2	304.7						203.2				197.9	276.5	366.4	240.3	388.1	272.5	33.4	34.3	7.3		35.7	70.6	82.5	18.2	38.1		32.5	-15.7	-2.4	5.4	6.4	27	12.8	-7.2	20.4	-0.1	29.2	9.6	18.8	19						23				-3.5	13.5	31.9	18.9	21.4	23.6	137.9	4630.2
2004-09-01	49.6	46.4	6.8		1.4	925	9140	1108	1831.1		6.9	306.8	205.5	527	7	8.5	82.4	87.5	75	84.5	126.7	74.4	525.4	305.7						201.7				176.2	285	433.7	232.6	392.5	289.1	70	68	40.7		78.9	69.1	81.5	31.3	47.8		34.6	-14.9	-6.7	-22.2	-3.7	37.1	30.9	14.9	35.1	-6.1	24.8	10.8	19.5	17.9						19				-14.1	17	75.1	6.9	21.7	33	140.5	4893.2
2004-10-01	51.8	49	8.7		1.4	879	9000	1063	1726.8		7.3	316.5	202.5	527.5	6.8	8.6	74.4	77.3	67.5	87.9	131.1	75.8	522.1	304.4						212.2				177.5	283.7	450.7	223	397.9	291.9	77.8	76.8	78.3		84	34.2	67.9	9.8	24		44.1	-14.3	-18.1	-33.6	-10.1	45	26.9	14.3	26.5	-13.7	23.9	5.6	16.7	15.3						23.4				-21.4	14.6	76.3	-9.8	21.9	30.5	135.6	4934.7
2004-11-01	49.1	45.5	7.6		1.4	952	8735	1170	1879.6		7.7	289.8	192.5	534.8	7.5	8.8	94.5	74.9	79.1	85	140.8	80.8	520	307.3						220.2				174.1	290.9	434	229.7	419.7	292.2	61.6	60	54.7		66.8	48.9	57	22.5	33.6		44.2	-26.5	-21.4	-29.3	-10.9	41.4	63.5	9.4	58.3	-16.7	31.3	20.6	14.9	15						23.3				-23.3	16.4	61.6	-1.1	23.4	29.5	123	4497.1
2004-12-01	43.5	40.5	6.1		1.2	1004	7765	1246	1940.1		6.8	307.5	204.8	547.8	7.2	9	103.8	86.1	76.4	89.9	147.9	83.8	526	307						229.5				177	283.9	383.5	232.1	396.6	278.6	33.6	34.1	-0.6		34.7	38.7	19	22.5	23.7		14.3	-18.4	-16.8	-30.6	-15.9	59.4	59.7	34.3	43	16.4	31.4	17.8	14.4	12.8						25.1				-21.6	11.2	35.4	-9.6	8.9	16.6	125.3	4562.1
2005-01-01	48.2	45.9	6.3		1.3	935	8010	1297	1891		6.7	291	197	514.8	6.7	9.2	105.4	82.3	73.8	91	141	89	530.1	307.2						209.2				169.6	284.8	432.3	229.9	392.2	285.7	45.8	57.4	17.1		42.9	21.6	23.6	24.4	16.4		7.9	-25.2	-28.7	-37.2	-17.2	57.3	39.5	33.5	28.6	18.6	18.8	13.5	12.6	12.5						9.6				-29.5	8.4	47.7	-12.3	6.5	16.6	130	4494.7
2005-02-01	51.8	50.1	6.7		1.5	954.5	8395	1389	1989.4		7.4	337.3	214.5	615.5	6.6	9.2	119.2	82.6	74.2	87.2	143.9	94.7	525.9	309.1						215				197	305	457.2	253	407.5	304.9	43.1	55.3	24.3		55.2	7.2	20.8	22.1	12.7		9.9	-11.4	-27.6	-34.7	-26.6	52.1	58.8	40.5	19.7	7	17.4	19.1	9.4	10.2						11.1				-23.2	11	44.3	-12.1	6.2	15.8	135	3803.1
2005-03-01	55.4	54.3	7.7		1.7	989	8125	1375	2021.3		7.2	331	213	627.5	7.1	8.7	126.4	99.6	68.7	92	139	83.6	528	308						210.3				194.3	313.6	519.8	258.1	401.8	316.2	54.9	72.3	29		87	20.3	-4.1	23.9	13.6		-9.7	-18.9	-33.4	-36.9	-25.2	35.9	71.4	65.1	3.1	9.5	10.5	8.6	7.7	7.9						3.5				-28.7	10.5	65.1	-3.1	-4.3	18.1	144.7	3012.4
2005-04-01	49.7	51.1	6.6		1.4	950	8050	1299	1936.2		6.9	318	204.8	619.3	7.4	8.6	125.2	94.5	78.2	93.9	143.3	79.5	527.1	310						221.2				191.2	303.7	469.8	265	398.5	296.7	33	48.2	12.3		50.6	30	-6.7	24.5	19		17.7	-16.6	-35.3	-40.1	-34.3	30.9	86.4	62.7	5	6.4	25.6	13	5.4	6.9						28				-28.4	11.4	39.4	7.8	12.3	11.7	138.1	2969.6
2005-05-01	52	50.7	6.4		1.5	962	7925	1285	1878.3		7.4	331.8	222	680.3	7.3	8.8	118.4	95.2	72	90	144.5	76.4	526.3	311.5						227.8				200.6	300.8	469.9	244.2	402	292.1	30.3	38.7	-1		45.3	15.5	-11.9	15.8	10.8		21.9	-8.4	-27	-16.4	-27.8	24.1	38.3	69.6	-5	0.8	22.7	11.9	3.4	5.5						23.5				-14.7	8.5	31.5	-3.4	10.6	5.5	153.5	2998.6
2005-06-01	56.5	55.6	7		1.6	895	7300	1230	1889.9		7	321.5	212.3	651.8	6.4	9.3	104.7	96.4	65.5	82.8	148.6	78.3	527.6	311.1						237.9				199	306.9	514.6	264.7	404.5	300	52.5	61.1	13.4		61	6.9	-16.7	24	13.6		21.7	-4.9	-17.6	-27	-36.4	29	43.2	56	-17	-5.1	24.9	14.1	2.5	4.2						26.2				-9.1	15.4	51.4	16	15.3	14.2	173.2	3077.2
2005-07-01	60.6	59.4	7.9		1.6	855.5	7150	1265	1982.3		7.2	327.8	236.5	671.8	6.7	9.8	103.2	97.9	67.9	81.2	155.7	83.8	529	311.7	106.2	106.7	107.3	107.6	106.9	254.1				205.6	315.2	546.2	268.2	409.4	312	38.3	48.3	29		41.4	-2.7	-19	21.4	15.2		10.5	5	8.9	12.1	-5.1	18.7	55.2	59.2	-12.7	-5.6	30.5	21.5	1.7	2.7						34.6				11.4	17.7	41.3	21.6	10.7	14.1	204.6	3336.8
2005-08-01	68.9	67	11.5		2.1	863	6970	1366	2018.8		6.8	301.5	201.5	586.8	6.7	10.1	97.8	89.5	63.7	83.3	154.6	84.2	536.3	312	106.2	106.3	105.4	104.4	106.1	243.6				188.9	319	661.8	258.7	401.9	329.4	63.7	69.2	126.1		84.9	0.6	-21.9	40.2	19.8		0.1	-2.7	-11.5	-6.5	-15	26	41.1	21.8	-3.4	-1.2	22.5	24	3.7	2.4						19.9				-4.6	15.4	80.6	7.6	3.6	20.9	177.1	3128.5
2005-09-01	66.2	63.5	13.9		2.1	938	6555	1420	2039		7.5	346.3	205.5	573.3	7.3	11	93.5	102.3	67.2	89.1	157.9	89.8	542.1	311.4	115.3	107.2	106.2	107.9	116.5	243.5				189.3	333.3	643.8	276	431.1	333	33.4	36.9	104.9		48.5	1.4	-28.3	28.2	11.4		7.8	12.9	0	8.8	3.1	28.8	13.5	16.9	-10.4	5.5	24.7	20.7	3.2	1.8						20.7				7.4	17	48.4	18.7	9.8	15.2	190.6	3051.1
2005-10-01	59.8	58.1	12.2	1.6	1.8	963	6280	1545	2118.3		7.6	317	196.3	564.8	7.1	11.3	96.7	116.7	61.7	88.5	153.1	86.6	543.8	314.3	117.8	107.3	108.3	107.8	116.8	237.3				181.2	326.7	549.4	281	432.8	316.3	15.5	18.6	39.9		22.4	9.6	-30.2	45.3	22.7		3.5	0.2	-3.1	7.1	5	31.7	29.9	51.1	-8.6	0.7	16.8	14.3	4.2	3.2						11.8				2.1	15.1	21.9	26	8.8	8.3	186.1	2959.5
2005-11-01	57.3	55.1	12.6	1.5	1.6	1043	6150	1715	2287.5		8.3	304	187.5	558	7.5	12.4	93	120.2	62.5	93.5	157.5	95	548.8	314.4	108.2	106.1	100.1	104.5	110.9	246.3				180.5	332.5	520.4	289.5	463	314.3	16.7	21	65.2		16.1	9.6	-29.6	46.6	21.7		7.2	4.9	-2.6	4.3	0.5	40.6	-1.5	60.4	-21	9.9	11.9	17.5	5.5	2.3						11.9				3.7	14.3	19.9	26	10.3	7.5	190.8	2920.8
2005-12-01	61	59	11.2	1.7	1.7	1051	6500	1909	2405		8.8	339.3	215.8	602	7.9	14.7	107.1	125.2	65.3	92.5	164.7	100	555.3	316.6	107.4	106.5	97.9	104.4	108.9	244.3				193.8	347.9	564	302.5	478.1	331.8	40.5	45.8	82.6		40.5	4.7	-16.3	53.2	24		29.6	10.3	5.4	9.9	10.4	62.4	3.2	45.4	-14.6	2.9	11.4	19.4	5.6	3.1						6.4				9.5	22.5	47.1	30.3	20.5	19.1	205	2969.4
2006-01-01	67.9	66	9.3	1.8	1.8	1322	7855	2306	2676.7		9.9	343.3	218.8	594.3	8.5	18	118.2	124.7	56	93.6	175.4	115.7	553	320.6	108.4	105.5	96.9	105.2	110	261.8				196.8	363.3	607.6	323.6	531.4	348.7	40.9	43.7	47.4		35.4	41.4	-1.9	77.8	41.5		46.2	18	11	15.4	27.3	95.4	12.2	51.6	-24.2	2.8	24.4	29.9	4.3	4.4						25.1				16	27.6	40.6	40.8	35.5	22	251.4	3119
2006-02-01	61.4	61.8	6.7	1.5	1.7	1182	7750	2359	2626		9.7	370.3	228	580.3	8.2	16.7	111.8	134	61.5	90.2	177.7	120.5	560.2	320.5	107.3	105.8	95.9	104.9	111.3	265.8				206.7	353.3	551	318.2	521.7	324.4	18.7	23.4	-0.2		14.8	23.8	-7.7	69.8	32		32.1	9.8	6.3	-5.7	24.9	82.6	-6.2	62.2	-17.2	3.4	23.5	27.2	6.5	3.7						23.6				4.9	15.8	20.5	25.7	28	6.4	246.5	3021.2
2006-03-01	66.6	65.9	7.2	2.1	1.9	1185	8150	2645	2826		11.5	347.8	236	571.5	8.6	17.9	107	148.2	57.4	79.5	184.6	136.6	565.8	324.5	107	106.6	94	107.3	109.9	278				200.3	361.9	609.3	330.9	558.7	333.2	20.3	21.4	-5.8		12.3	19.8	0.3	92.4	39.8		60.1	5.1	10.8	-8.9	21.1	105.7	-15.3	48.8	-16.5	-13.6	32.7	63.3	7.2	5.4						32.2				3.1	15.4	17.2	28.2	39.1	5.4	250.1	2999
2006-04-01	71.9	72	6.6	2.2	2	1210	9450	3175	3462		13.5	346.3	238.3	587.3	8.2	17.1	107.2	144.4	68	79.2	184.5	135.6	577.2	324.7	108.2	106.7	93.8	108.2	113.6	267	1000	1000	1000	205.8	379.5	660.8	378.9	631.2	349.9	44.6	41	-0.5		40.2	27.4	17.4	144.4	78.8		95.7	8.9	16.4	-5.2	10.8	99	-14.3	52.8	-13	-15.7	28.8	70.6	9.5	4.7						20.7				7.6	25	40.7	43	58.4	17.9	242.1	3249.4
2006-05-01	71.3	70.4	6.4	2.3	2	1071	8295	3670	3732.1		12.4	393.5	251.3	579.5	9.1	15.5	99	150.8	68.1	79.7	176.6	125	577.5	326	109	107.3	93.8	109.7	113.7	258.6	970.3	969.2	941.2	211.4	379.8	653.8	402.3	627.1	344.9	37.2	38.8	0.1		35	11.3	4.7	185.6	98.7		66.6	18.6	13.2	-14.8	24.3	76.5	-16.4	58.4	-5.5	-11.4	22.2	63.6	9.7	4.6						13.5				5.3	26.3	39.1	64.7	56	18.1	307.2	3337.3
2006-06-01	73.9	73.5	6.1	2.4	2	1015	8100	3220	3513.6		10.8	371.5	235.5	594.8	9.2	15.8	99.5	165.1	72.6	84.6	181.9	117.6	573.1	327	111.2	107.4	94.6	110	114.6	270.7	1005.6	1003.7	971.8	213.6	385.6	673.9	391.6	588.3	346.4	30.8	32.3	-12.6		21.3	13.4	11	161.8	85.9		54.1	15.6	11	-8.7	43.8	69.1	-4.9	71.3	10.7	2.1	22.5	50.3	8.6	5.1						13.8				7.4	25.6	30.9	48	45.5	15.5	322.9	3361.8
2006-07-01	74.4	75.2	8.2	2.3	2	1092	8425	3415	3743.2		11.3	397.5	239	579.5	9.2	14.9	99.4	169.3	68.6	83.7	188.2	119	575.3	330.4	111.1	107.5	96.5	109	113.6	279	1050.3	1048.3	1035.6	211.7	391.5	676.6	409.6	605.3	349.8	22.8	26.6	4.1		20.3	27.6	17.8	170	88.8		56.5	21.3	1.1	-13.7	36.8	51.7	-3.7	72.9	1	3.1	20.9	41.9	8.8	6	4.6	0.7	-10.1	1.3	6.3	9.8				2.9	24.2	23.9	52.7	47.8	12.1	278.6	3517
2006-08-01	70.3	70.3	6	1.8	2	1210	8855	3450	3730.2		12.9	404	232	542.3	8.5	11.8	104	181	66.9	90.2	193.8	126.9	582.1	332.9	111.4	107.6	97.8	107.3	112.8	288.6	1077	1075.1	1070.9	212.6	391	624.9	403.7	631.2	329	1.9	4.8	-47.3		-4.8	40.2	27	152.6	84.8		90.2	34	15.1	-7.6	26	17.2	6.4	102.2	5	8.4	25.3	50.6	8.5	6.7	4.9	1.2	-7.2	2.8	6.3	18.5				12.6	22.6	-5.6	56.1	57.1	-0.1	230.5	3954.3
2006-09-01	62.9	62.5	5.6	1.6	1.7	1380	8850	3330	3718.8		11.5	443	262.5	547.5	9.7	10.9	107.7	170.3	63.6	90.7	197.3	134.4	588.4	337	110.3	107.7	98.7	108.7	110.6	292.6	1101.3	1099	1145.5	219.4	370.1	553.8	387.5	578.5	305.6	-5	-1.6	-59.6		-18.5	47.1	35	134.5	82.4		53.5	27.9	27.7	-4.5	33.1	-0.9	15.2	66.5	-5.3	1.7	25	49.7	8.5	8.2	-4.3	0.5	-7.1	0.7	-5.1	20.2				15.9	11	-14	40.4	34.2	-8.2	208.3	4372.4
2006-10-01	58.7	59	7.5	1.4	1.6	1617	10250	4220	3912.9		12.2	483	320.8	630.3	9.5	11.6	108.3	199.4	65	90.4	208.8	150.5	598	339	110.7	107.7	99.4	108.8	109.9	310.2	1164.5	1162.4	1169.8	253.6	383.9	519.6	378.2	582.5	305.9	-1.7	1.6	-38.3	-8.5	-10.3	67.9	63.2	173.1	84.7		61.7	52.4	63.4	11.6	33.3	1.9	12	70.9	5.3	2.1	36.4	73.7	10	7.9	-6	0.4	-8.2	0.9	-5.9	30.7				39.9	17.5	-5.4	34.6	34.6	-3.3	208.4	4356.4
2006-11-01	63.1	64.3	8.8	1.7	1.8	1663	10450	4375	3869.5		13.9	502	377	685.5	10	12.4	119.7	202.9	61.7	85.7	219.4	172	610.7	344.3	110.3	107.8	99.9	107.1	109.8	323.6	1234.9	1232.5	1243.8	281.4	408.8	580.2	380.2	641	321.5	10.1	16.7	-29.7	11.5	12.2	59.4	69.9	155.1	69.2		68.2	65.1	101.1	22.8	32.5	-0.5	28.7	68.8	-1.3	-8.3	39.3	81.1	11.3	9.5	1.9	1.6	-0.2	2.5	-1	31.4				55.9	22.9	11.5	31.3	38.5	2.3	188.1	4513.2
2006-12-01	61.1	60.9	6.3	1.6	1.6	1665	11510	4230	3701.1		12.8	501	390.3	683.5	10.1	11.8	126.2	201.3	61.7	90.4	224.8	189	599.7	350	110.4	107.8	99.9	108.3	110	316.5	1241.5	1239.3	1352.3	279.1	394.9	539	368.8	611.9	307.3	0	3.2	-43.9	-7.9	-7.5	58.4	77.1	121.6	53.9		45.3	47.7	80.9	13.5	27.7	-20	17.8	60.7	-5.5	-2.2	36.4	89	8	10.5	2.8	1.2	2	3.7	1	29.6				44	13.5	-4.4	21.9	28	-7.4	239.2	4631.8
2007-01-01	58.1	57.4	7.7	1.5	1.7	1679	12000	3480	3520.4		13.5	467.5	404	719.5	10.1	10.6	117.7	186	64.5	90.2	236.5	178.1	613.7	350.3	109.9	107.3	99.9	108.9	110.2	342.4	1300.5	1298.2	1282.4	282.8	394.4	513.7	345.7	635.9	301.2	-14.4	-13	-17.7	-14.5	-8.2	27	52.8	50.9	31.5		37.2	36.2	84.7	21.1	19	-41.2	-0.5	49.2	15.3	-3.6	34.8	54	11	9.3	1.4	1.7	3.1	3.5	0.2	30.8				43.7	8.6	-15.4	6.8	19.7	-13.6	275	4218.8
2007-02-01	61.8	61.9	7.3	1.8	1.8	1820	13150	3480	3697.7		14.1	474.5	425.3	773.3	10.2	11.3	117.7	205	67.8	94.5	237	174.8	622.2	353.3	109.7	107.3	100.1	109.6	109.9	333.8	1284.9	1282.6	1303.2	299.8	410.6	581.9	353.1	664.6	312.4	0.6	0.2	8.7	19.6	4	54	69.7	47.5	40.8		45.1	28.2	86.5	33.3	24.3	-32.4	5.3	53	10.2	4.8	33.3	45.1	11.1	10.2	2.2	1.4	4.4	4.5	-1.3	25.6				45.1	16.2	5.6	11	27.4	-3.7	260.2	3874.5
2007-03-01	65.9	68.1	7.7	2.1	1.9	1920	13400	3255	3928.9		13.4	438	374.5	761.3	10.1	9.9	109.3	189.3	63.9	97.6	238.3	199.6	628.2	354.6	109.9	107.4	100.2	108.6	110.7	324.7	1278.2	1276.1	1357.1	274.8	407.5	624	377	650.3	316.9	-1.1	3.3	7.2	2.3	0.9	62	64.4	23.1	39		16.6	26	58.7	33.2	17.8	-44.8	2.1	27.7	11.3	22.8	29.1	46.1	11	9.3	2.7	0.8	6.6	1.2	0.7	16.8				37.2	12.6	2.4	13.9	16.4	-4.9	274	3376.2
2007-04-01	65.7	67.7	7.9	2.4	1.9	2015	13750	3756	4287.1		13.4	485.5	358	728.5	10	9.2	103.2	166	75.6	97.3	239.6	208.7	635.2	357.9	110.7	107.2	100.3	107.2	111.3	323.8	1279.5	1277.8	1309	277.4	403.5	644.6	391.3	663.6	312.7	-8.6	-6.1	20	10.4	-4.9	66.5	45.5	18.3	23.8		-0.5	40.2	50.3	24.1	21	-46.1	-3.8	15	11.2	22.8	29.8	53.9	10	10.2	2.3	0.5	6.9	-0.9	-2	21.3	28	27.8	30.9	34.8	6.3	-2.5	3.3	5.1	-10.6	266.6	3116.4
2007-05-01	64	68	7.9	2.3	1.9	2331	14100	3695	4155.7		13.4	517	390.3	806.3	10.2	9.3	111.9	151.4	75.1	91.2	241.5	223.8	636.4	359.5	110.3	106.9	100.3	107.1	112.3	323.1	1282	1280.1	1295	296.6	407.6	624.8	390.6	655.6	311.5	-10.2	-3.4	24.3	-1.6	-4	117.6	70	0.7	11.4		8.2	31.4	55.3	39.1	12	-39.6	13.1	0.4	10.3	14.4	36.8	79.1	10.2	10.3	1.2	-0.4	6.9	-2.4	-1.2	24.9	32.1	32.1	37.6	40.3	7.3	-4.4	-2.9	4.6	-9.7	284.1	2983.6
2007-06-01	70.7	71.4	6.8	2.3	2	2660	13900	3350	3992		12.4	582	329.5	850	10.4	9.1	111	133	71.2	85.5	223.6	241.2	639.6	363.2	110	106.8	100.9	107.3	113.9	292.7	1171.5	1169.8	1184.4	304.2	410.4	661.9	430.8	633.1	315.7	-4.4	-2.9	11	-4.1	3.4	162.1	71.6	4	13.6		14	56.7	39.9	42.9	12.9	-42.6	11.6	-19.4	-1.8	1.1	22.9	105	11.6	11.1	-1.1	-0.6	6.7	-2.5	-0.6	8.2	16.5	16.6	21.9	42.4	6.4	-1.8	10	7.6	-8.8	257.1	3355.2
2007-07-01	78.2	77.1	6.2	2	2.1	3105	16200	3545	4107.7		13	630	325.8	834	10.4	10.3	114.3	140	73.3	94.9	212	278.5	644.3	363	111.6	106.9	102	107.8	116.1	269.2	1097.1	1095.8	1102.2	306.2	424.5	676.4	449.3	654	324.1	5.1	2.5	-24.6	-13.1	6.7	184.3	92.3	3.8	9.7		14.3	58.5	36.3	43.9	13.1	-30.7	15	-17.3	7	13.3	12.6	134.1	12	9.9	0.5	-0.6	5.7	-1.1	2.2	-3.5	4.5	4.5	6.4	44.7	8.4	0	9.7	8	-7.4	260.3	3304.8
2007-08-01	74	72.7	5.5	2	2	3110	15425	3110	3813		12.1	767	324	868	10.9	9.5	112.7	125	66.8	94.1	216.1	264.3	646	365.2	113.5	107.1	103.7	107.4	117.6	285.9	1140.6	1139	1145.7	333.9	413.5	647.5	420.6	636.6	308.8	5.4	3.5	-9.6	9.1	4.5	157	74.2	-9.9	2.2		-6.5	89.9	39.7	60.1	27.8	-19.7	8.3	-30.9	-0.1	4.3	11.5	108.3	11	9.7	1.9	-0.5	6	0.1	4.3	-1	5.9	5.9	7	57.1	5.8	3.6	4.2	0.9	-6.2	248.6	3298.6
2007-09-01	81.7	79.2	6.9	2.1	2.2	3380	15375	3050	3961.5		13.8	939	373	991.3	11.7	9.6	128.7	129.1	58.9	97	230.2	301.4	642.6	367	115.3	107.2	106.2	107.9	116.5	297.1	1197.6	1196	1117.1	383	447.6	697	449.9	706.9	333.7	29.8	26.7	22.2	32.2	32.8	144.9	73.7	-8.4	6.5		20.5	112	42.1	81.1	21.4	-11.9	19.5	-24.2	-7.4	6.9	16.6	124.2	9.2	8.9	4.5	-0.5	7.6	-0.7	5.3	1.5	8.7	8.8	-2.5	74.6	20.9	25.9	16.1	22.2	9.2	255.8	2983.2
2007-10-01	94.5	90.6	8.3	2.3	2.5	3660	16740	2825	3916.6		14.4	808	375.5	1010	11.9	10	121.4	139.5	53.9	94.8	237.3	327	639.8	371.6	117.8	107.3	108.3	107.8	116.8	299.8	1206	1204.7	1098	369.6	454.3	796.8	439.5	739.6	351	61	53.5	10.6	57.2	58	126.3	63.3	-33.1	0.1		17.7	67.3	17.1	60.3	24.9	-13.6	12.1	-30	-17.1	4.9	13.7	117.3	7	9.6	6.4	-0.4	9	-0.9	6.3	-3.4	3.6	3.6	-6.1	45.8	18.3	53.4	16.2	27	14.8	278.4	2827.2
2007-11-01	88.7	88.3	7.3	2.3	2.5	3060	17100	2595	3579.1		14	867	384.5	1080	12.9	9.8	126	137.4	54.9	93.9	219.2	288.8	631.4	368	117.4	107.8	109	107.7	117	271.8	1093.8	1092.6	1002.1	394	451.3	787.4	413.8	731	339.8	40.5	37.3	-17.4	33.4	39.5	84	63.6	-40.7	-7.5		0.3	72.7	2	57.5	29	-21.2	5.2	-32.3	-11	9.5	-0.1	67.9	3.4	6.9	6.4	0	9.1	0.6	6.6	-16	-11.4	-11.4	-19.4	40	10.4	35.7	8.8	14	5.7	258.3	2607
2007-12-01	96	93.9	7.5	2.5	2.6	2550	16425	2370	3393.3		14.8	885	455.5	1199	13.6	10.8	136.2	143.6	57.9	96.3	207.5	280.3	637.8	366.9	117.5	108.1	109.3	106.1	114.3	255.7	1036.5	1035.5	968.7	427	476.1	832.6	418.3	773.6	358.7	57.2	54.2	18.8	54.5	65.5	53.2	42.7	-44	-8.3		15.4	76.6	16.7	75.4	33.8	-7.9	7.9	-28.6	-6.2	6.4	-7.7	48.3	6.4	4.8	6.4	0.3	9.4	-2	3.9	-19.2	-16.5	-16.4	-28.4	53	20.6	54.5	13.4	26.4	16.7	294.2	2661.5
2008-01-01	91.8	92.2	8.1	2.3	2.5	2820	17000	2515	3720.7		16.9	929.5	501.3	1274.5	14.8	12.4	138.2	137.7	58.5	90.9	198	218.9	635.1	365	117.2	108.3	110.1	103.8	112.9	252.8	1002.7	1001.4	1010.3	455	503.3	806	438.7	870.4	369.5	57.8	60.6	5.3	53.8	53.2	68	41.7	-27.7	5.7		25.4	98.8	24.1	77.1	46.7	16.6	17.4	-26	-9.4	0.7	-16.3	22.9	3.5	4.2	6.6	0.9	10.2	-4.7	2.5	-26.2	-22.9	-22.9	-21.2	60.9	27.6	56.9	26.9	36.9	22.7	282	2860.1
2008-02-01	101.8	100.1	9.4	2.6	2.8	3330	18800	2740	4260.3		19.8	1073	546	1522	18	14.3	164.6	126.9	60	93	190.5	236.5	631	363.1	116.5	108	110	102.8	111.7	242.6	980.5	979.2	1023.2	518.9	565.7	882.1	515.5	1007.8	412.8	64.8	61.7	28.3	42.4	59.5	83	43	-21.3	15.2		40.5	126.1	28.4	96.8	76.1	26.2	39.8	-38.1	-11.5	-1.6	-19.6	35.3	1.4	2.8	6.2	0.7	9.9	-6.2	1.6	-27.3	-23.7	-23.7	-21.5	73.1	37.7	51.6	46	51.6	32.1	292.5	2824.5
2008-03-01	101.6	100.3	10.1	2.6	3	2790	20550	2320	4117.2		17.3	929	567.3	1197.3	19.7	11.7	127.4	109.7	57.1	87.4	188.3	209.1	617.8	358.7	116.9	107.8	109.9	102.5	105.7	256.3	1001.3	999.7	1024.6	466.1	516.4	889.5	476.3	921.7	386.9	54.2	47.3	30.7	23.9	62.2	45.3	53.4	-28.7	4.8		29	112.1	51.5	57.3	95.3	18.3	16.6	-42.1	-10.6	-10.4	-21	4.8	-1.7	1.2	6.4	0.4	9.7	-5.6	-4.5	-21.1	-21.7	-21.7	-24.5	69.6	26.7	42.5	26.3	41.7	22.1	277.8	2801.5
2008-04-01	113.5	111.4	10.8	2.9	3.2	2714	23175	2230	4117		16.5	787.3	600.3	1301.8	21.5	10.7	134.6	115.9	73.8	91.7	202.3	228.1	608.4	354.6	116.1	108.1	109.8	101.7	102.6	270.6	1043	1041.4	998	466.3	536.2	982.6	494.9	874.9	409.3	72.7	64.6	37.9	20.1	66	34.7	68.5	-40.6	-4		22.7	62.2	67.7	78.7	115.9	15.3	30.4	-30.2	-2.4	-5.8	-15.6	9.3	-4.2	-0.9	4.9	0.8	9.5	-5.1	-7.8	-16.4	-18.5	-18.5	-23.8	68.1	32.9	52.4	26.5	31.8	30.9	297.8	2887.1
2008-05-01	127.4	127.8	11.7	3.2	3.7	1975	20200	2005	3774.9		16.8	761.5	599.3	1363.5	19.1	10	133.9	108	77.8	96.5	197.8	201.5	594.5	343.6	115.7	108.3	109.6	101.3	101.3	271.6	1020.4	1018.8	945.6	462.1	541.3	1126.1	459.3	901.1	422.2	99	87.8	47.5	43	94.4	-15.3	43.3	-45.7	-9.2		25.5	47.3	53.6	69.1	87.1	7.3	19.7	-28.7	3.6	5.9	-18.1	-10	-6.6	-4.4	4.9	1.3	9.3	-5.4	-9.8	-15.9	-20.4	-20.4	-27	55.8	32.8	80.2	17.6	37.4	35.5	312.2	2961.7
2008-06-01	140	139.8	13.4	3.6	3.9	1790	23450	1932	3984.4		17.4	843.5	724.8	1605	20.2	12	150.9	118.4	71.8	100.6	173.3	157.2	583.6	339.9	114.3	108	108.8	100.3	100.3	240.8	908.5	907	848.8	543.2	596	1210.3	512.7	933.8	462.7	98.1	95.8	97.2	55.9	92.1	-32.7	68.7	-42.3	-0.2		41	44.9	120	88.8	94.5	32.7	35.9	-11	0.8	17.7	-22.5	-34.8	-8.8	-6.4	3.9	1.1	7.8	-6.5	-11.9	-17.8	-22.4	-22.5	-28.3	78.6	45.2	82.8	19	47.5	46.6	340.4	2934.4
2008-07-01	124.1	124	9.1	3	3.4	2210	22200	1902	3792.8		17.8	783.8	587.5	1395.8	16.6	13.9	139.4	106.6	79.6	98.4	174.3	163.6	573.4	333.6	113	107.5	107.3	100.1	98.3	248.4	906.4	904.9	846.4	471	548.9	1067.6	485.2	887.5	416.4	58.6	60.9	47.3	49.2	63.7	-28.8	37	-46.3	-7.7		37.1	24.4	80.4	67.4	59.1	34.8	21.9	-23.9	8.6	3.7	-17.8	-41.3	-11	-8.1	1.3	0.6	5.2	-7.1	-15.3	-7.7	-17.4	-17.4	-23.2	53.8	29.3	57.8	8	35.7	28.5	336.4	2941.9
2008-08-01	115.5	114.1	7.9	3	3.2	1975	20000	1811	3542.9		13.6	779.3	568.3	1332	18.9	12.8	141.9	108.6	68.4	101.8	169.3	146	563.9	327.1	111.7	106.4	105.4	96.7	95.9	252.9	903.4	901.9	809.1	464.4	516.5	996.5	451.1	744.7	391.7	55.9	56.9	45.3	51.5	55.8	-36.5	29.7	-41.8	-7.1		12.8	1.6	75.4	53.5	74.2	34.6	26	-13.2	2.4	8.2	-21.6	-44.8	-12.7	-10.4	-1.6	-0.7	1.6	-10	-18.5	-11.5	-20.8	-20.8	-29.4	39.1	24.9	53.9	7.2	17	26.9	342.8	2889.5
2008-09-01	100.6	98.2	7.4	2.8	2.9	1830	17200	1680	3046.7		12.2	680	487.5	1045	18.9	12.4	130.5	89.2	68.6	98.9	150.7	103.9	556.2	321.1	108.7	105.5	101.9	94.8	89.2	251.4	855.5	854.1	758.7	384	452.4	873.6	378.3	646.1	345.5	23.2	24	8.3	33.3	28	-45.9	11.9	-44.9	-23.1		-11.3	-27.6	30.7	5.4	61	29.3	1.4	-30.9	16.4	2	-34.5	-65.5	-13.4	-12.5	-5.7	-1.6	-4	-12.1	-23.4	-15.4	-28.6	-28.6	-32.1	0.3	1.1	25.3	-15.9	-8.6	3.6	262.7	2636
2008-10-01	67.8	65.3	6.8	1.4	2	1508	13400	1125	2190.4		9.7	536.3	401.5	925.3	15	12	113	76.2	54.8	93.8	111.6	78.2	544.1	317.1	106.9	104.4	99.7	92.6	85	171.4	602	601	546.9	319.9	369.6	588.7	266.4	519.5	268.4	-28.3	-27.9	-18.6	-36.6	-20	-58.8	-20	-60.2	-44.1		-32.3	-33.6	6.9	-8.4	26.9	20.4	-6.9	-45.4	1.7	-1.1	-53	-76.1	-15	-14.7	-9.3	-2.7	-7.9	-14.1	-27.2	-42.8	-50.1	-50.1	-50.2	-13.5	-18.7	-26.1	-39.4	-29.8	-23.5	169.7	2412.2
2008-11-01	54.4	53.5	6.5	1.1	1.7	1103	12300	1210	1931.5		10.2	542.5	349.5	883	13.2	11.9	114.1	74.4	59.5	87.4	96.7	79.6	532.9	316.7	104.2	103.2	98.6	91.2	82	131	497.9	497	456.9	308	361.7	487.1	257.3	562.6	242.2	-38.6	-39.4	-10.8	-49.5	-33.8	-64	-28.1	-53.4	-46		-27.1	-37.4	-9.1	-18.2	2.6	22.1	-9.4	-45.9	8.4	-6.9	-55.9	-72.4	-15.6	-13.9	-11.2	-4.3	-9.5	-15.3	-29.9	-51.8	-54.5	-54.5	-54.4	-21.8	-19.8	-38.1	-37.8	-23	-28.7	125.8	2139
2008-12-01	44.6	45.6	5.6	1	1.4	999	10700	1208	1723.3		11.3	610.8	407	972.3	15.3	11.8	112.1	68.6	60.9	84.5	104	91.8	518.1	308.5	101.4	102.3	98.1	90.6	81.9	150.8	537.8	536.9	473.4	339.1	363.1	425.1	241	609.5	229.5	-53.5	-51.4	-24.9	-59.3	-46.8	-60.8	-34.9	-49	-49.2		-23.8	-31	-10.6	-18.9	13.2	9.1	-17.7	-52.3	5.2	-12.2	-49.9	-67.3	-18.8	-15.9	-13.7	-5.4	-10.2	-14.6	-28.3	-41	-48.1	-48.1	-51.1	-20.6	-23.7	-48.9	-42.4	-21.2	-36	135	2159.7
2009-01-01	41.7	45.9	4.4	1.3	1.5	1120.5	10800	1096.5	1666.3		12.6	568	379	980	11.8	12.7	118.9	72.5	58.6	82	91.6	83.5	530.6	304.6	100.4	102	97.3	91	83.5	124.4	458.6	457.8	405.1	326.3	364.5	437.7	249.8	653	220.4	-54.6	-50.2	-45.3	-45	-42.6	-60.3	-36.5	-56.4	-55.2		-25.9	-38.9	-24.4	-23.1	-20.6	2.5	-13.9	-47.3	0.1	-9.8	-53.7	-61.8	-16.5	-16.6	-14.3	-5.8	-11.6	-12.3	-26	-50.8	-54.3	-54.3	-59.9	-28.3	-27.6	-45.7	-43	-25	-40.4	130.1	2249
2009-02-01	44.8	46.4	4.2	1.3	1.3	1046	10925	1128	1718.8		13.1	510.5	350.8	874.5	12.4	13.5	109.5	69.6	60.9	82.5	75.1	80.3	518.2	299.5	100.1	101.9	97.4	91.1	83.7	98	372.6	372	361.7	296.1	352.5	424.2	238.1	686	211.6	-56	-53.7	-55.2	-51.3	-55.4	-68.6	-41.9	-58.8	-59.7		-33.9	-52.4	-35.8	-42.5	-31.3	-5.6	-33.5	-45.2	1.6	-11.2	-60.6	-66	-17.9	-17.5	-14.1	-5.6	-11.5	-11.4	-25.1	-59.6	-62	-62	-64.7	-42.9	-37.7	-51.9	-53.8	-31.9	-48.7	133.3	2218.5
2009-03-01	49.7	49.2	3.8	1.4	1.3	1270	10400	1320	1906.7		13	532.8	404.8	952	12.4	12.7	115.8	76.3	60.4	83.9	80.1	96.7	510.1	302.4	99.2	101.3	97.3	91.1	87.8	101	386.8	386.1	374.1	322.3	368.8	458.6	269.5	688.8	220.4	-51.1	-50.9	-62.6	-46.5	-55.9	-54.5	-49.4	-43.1	-53.7		-24.9	-42.7	-28.6	-20.5	-37	8.4	-9.1	-30.4	5.7	-4	-57.5	-53.8	-17.4	-15.7	-15.1	-6	-11.5	-11.1	-16.9	-60.6	-61.4	-61.4	-63.5	-30.9	-28.6	-48.4	-43.4	-25.3	-43	148	2250.6
2009-04-01	51.1	50.8	3.4	1.5	1.3	1330	12350	1425	2102.7		12.3	524.3	396.3	1070	12.9	14.1	115	79.4	58.1	87.6	95.9	114.3	500.6	301.9	99.4	101	97.3	93.3	91.2	131.8	467.3	466.5	436.9	330.9	371.6	463.2	309	663.8	222.4	-54.9	-54.4	-68.9	-49.7	-58.6	-51	-46.7	-36.1	-48.9		-25.4	-33.4	-34	-17.8	-39.9	31.9	-14.5	-31.5	-21.2	-4.5	-52.6	-49.9	-17.7	-14.9	-14.4	-6.6	-11.4	-8.3	-11.1	-51.3	-55.2	-55.2	-56.2	-29	-30.7	-52.9	-37.6	-24.1	-45.7	156	2370.8
2009-05-01	66.3	65.5	3.8	1.9	1.6	1570	14300	1567	2260.5		15.6	637.3	436.3	1184	12.3	15.6	137.4	94.2	63.9	81.3	108	144.7	515	304.7	99.4	101	97.7	94.4	93.1	133.9	489.2	488.4	457.2	369.6	393	584.2	329	761	253.1	-47.9	-48.7	-67.2	-40	-55.1	-20.5	-29.2	-21.8	-40.1		-7.3	-16.3	-27.2	-13.2	-35.4	55.5	2.6	-12.8	-17.8	-15.7	-45.4	-28.2	-13.4	-11.3	-14.1	-6.7	-10.9	-6.8	-8.1	-50.7	-52.1	-52.1	-51.7	-20	-27.4	-48.1	-28.4	-15.6	-40.1	159.9	2382.8
2009-06-01	69.9	69.3	3.8	1.9	1.7	1690	14150	1549	2383.7		13.6	511.3	347.8	1226.3	12.2	16.8	117.3	77.5	58.7	82.5	107.4	147.7	512.8	308.1	99.6	101.6	98.8	97.8	93.4	128.1	480.4	479.6	446.5	319.4	398.8	607	333.7	711.3	250	-50.1	-50.4	-71.3	-47	-56	-5.6	-39.7	-19.8	-40.2		-22.1	-39.4	-52	-23.6	-39.5	39.6	-22.3	-34.5	-18.3	-18	-38	-6.1	-12.1	-9.3	-12.9	-5.9	-9.2	-2.5	-6.9	-46.8	-47.1	-47.1	-47.4	-41.2	-33.1	-49.8	-34.9	-23.8	-46	156.5	2309.1
2009-07-01	69.5	71.7	3.7	2	1.8	1879	13500	1750	2732.7		13.9	528.3	339.5	1134	13.8	18.6	127.9	91.3	56	84.7	117.8	155.5	517	312.9	100.8	102.5	99.9	99.9	95.4	141.1	525.6	524.7	512.1	305.6	413.4	621.9	366.1	730.3	257.4	-44	-42.2	-59.9	-32.9	-47.8	-15	-39.2	-8	-28		-21.5	-32.6	-42.2	-18.8	-17	33.6	-8.3	-14.3	-29.6	-13.9	-32.4	-5	-9.8	-6.2	-10.8	-4.7	-6.9	-0.2	-3	-43.2	-42	-42	-39.5	-35.1	-24.7	-41.8	-24.5	-17.7	-38.2	188.8	2507
2009-08-01	70	69.7	3	2	1.8	2107	14050	1881	2966.6		14.9	471	326.3	1100	13.9	24.4	120.9	90.1	48.2	82.7	123.2	138.8	520.9	318.2	102.1	104.5	101.4	104.2	97.7	159.3	585.2	584.3	592.6	296.4	415	606.8	379.2	752.4	253.7	-39.4	-38.9	-62.5	-34	-44.1	6.7	-29.8	3.9	-16.3		9.5	-39.6	-42.6	-17.4	-26.7	91.1	-14.8	-17	-29.6	-18.8	-27.2	-4.9	-7.6	-2.7	-8.6	-1.8	-3.8	7.8	1.9	-37	-35.2	-35.2	-26.8	-36.2	-19.6	-39.1	-15.9	1	-35.2	195	2743.9
2009-09-01	70.6	69.1	4.8	1.7	1.8	2284	14900	1969	2895.8		16.6	457.5	344	927	13.3	24.1	127.8	91.5	50.1	85.6	129.6	143.3	528.5	321	103.6	105.8	103.3	107.3	105	168.7	624.3	623.3	607.3	287.2	430.7	600.1	388.3	807.7	259.4	-29.8	-29.6	-34.9	-37.3	-37.3	24.8	-13.4	17.2	-5		36	-32.7	-29.4	-11.3	-29.5	95.1	-2	2.6	-27	-13.4	-14	37.9	-5	0	-4.7	0.3	1.4	13.2	17.7	-32.9	-27	-27	-20	-25.2	-4.8	-31.3	2.6	25	-24.9	188.4	3091.5
2009-10-01	77	75.2	5	1.9	2	2305	14700	2160	3003.5		16.2	494.3	366	978	14.4	22.2	135.5	111.4	56.7	81.7	128.1	144.7	534	323.3	104.3	106.8	105.6	112.1	108.9	160.7	604.4	603.4	628	305.4	452.7	662.3	414.1	814.1	270.4	13.6	15.1	-25.6	34.8	-1.3	52.9	9.7	92	37.1		67	-7.8	-8.8	5.7	-4.5	84.4	19.9	46.1	3.5	-12.9	14.7	84.9	-1.9	1.9	-2.4	2.3	5.9	21.1	28.1	-6.2	0.4	0.4	14.8	-4.5	22.5	12.5	55.4	56.7	0.7	234	3674.9
2009-11-01	77.3	78.5	4.8	2	2	2345	15200	2322	3159		18.5	567.5	402.8	1060.5	15.3	22.1	141.8	119.3	58.6	83.2	129.2	141.7	540.6	325.3	108	107.4	107.4	114.7	112.6	171	626.5	625.5	617.6	346.4	479.2	678.9	447.2	915.7	277.4	42	46.7	-25.5	74.6	20.6	112.6	23.6	91.9	63.6		81.6	4.6	15.2	20.1	15.8	85.5	24.2	60.5	-1.5	-4.8	33.7	78	1.4	2.7	3.6	4.1	8.9	25.8	37.3	30.5	25.8	25.8	35.2	12.5	32.5	39.4	73.8	62.8	14.5	235.7	3644.7
2009-12-01	79.4	77.9	5.6	2.1	2.1	2432	16950	2560	3403.5		16.8	541.5	414.5	1039.8	14.6	27	136	124	65.6	86	132.9	142.1	544.3	326.9	113.2	111.2	109.2	119.9	114.3	182.3	644.1	643	625.9	334.9	484.4	692.7	461.6	867.6	283.4	77.9	70.9	-0.9	103.6	50.7	143.4	58.4	111.9	97.5		49.3	-11.3	1.8	6.9	-5.1	128.2	21.3	80.9	7.8	1.8	27.8	54.8	5.1	5.9	11.6	8.7	11.3	32.3	39.6	20.9	19.8	19.8	32.2	-1.2	33.4	63	91.5	42.4	23.5	259	3931.8
2010-01-01	72.9	71.5	5.1	1.9	1.9	2025	17200	2110	3125.4		16.2	474	356.5	914	14.2	29.9	131.7	136.1	66.5	85.8	124.9	125.1	545	331.2	116	112.7	110.2	122.4	115.2	172.4	613.1	612.1	588.3	295.1	465.3	637.6	424.4	859.2	265.6	74.9	55.8	16.2	50	30.9	80.7	59.3	92.4	87.6		28.8	-16.5	-5.9	-6.7	20.6	136	10.8	87.7	13.6	4.6	36.4	49.8	2.7	8.7	15.5	10.5	13.3	34.5	38	38.6	33.7	33.7	45.2	-9.6	27.7	45.7	69.9	31.6	20.5	262.7	3858
2010-02-01	79.7	77.6	4.8	2.1	2	2165	17125	2195	3313.3		16.5	506.5	378	951	13.4	24.1	129.1	143.7	72.8	90.3	128.2	131.5	540.3	327.2	116.9	113.5	110.3	122.7	116.1	180.8	624.5	623.5	559.6	314.4	478.3	690.6	475.3	881.3	274.8	78	67.4	14.6	62.3	60	107	56.8	94.6	92.8		26.1	-0.8	7.8	8.7	8.7	79.1	17.9	106.5	19.5	9.4	70.8	63.8	4.3	9.3	16.8	11.4	13.2	34.7	38.7	84.5	67.6	67.6	54.7	6.2	35.7	62.8	99.6	28.5	29.9	284.9	4049.7
2010-03-01	83.8	82.7	3.9	2.3	2.2	2147	18450	2375	3610.2		17.5	450.5	345	941	12.2	16.6	136.2	135.3	73.3	96.6	135.8	139.9	545.1	329.7	119	113.9	111.2	120.3	115.7	198.2	663.1	662	588.3	289.6	467.3	732.2	491.9	918	273.3	68.7	68	2.5	65	61.1	69.1	77.4	79.9	89.3		35	-15.4	-14.8	-1.2	-1.6	30.9	17.6	77.3	21.5	15	69.6	44.7	6.9	9	20	12.4	14.3	32.1	31.8	96.2	71.4	71.4	57.3	-10.1	26.7	59.7	82.5	33.3	24	329.3	4587.7
2010-04-01	86.2	87.4	3.9	2.4	2.3	2230	18250	2285	3512.5		18.6	491.8	366.3	989.5	12.4	15.1	135.2	134.4	89.5	99.9	138.6	131.3	545.6	333.9	121.5	115.6	112	117.3	114.2	211.5	683.2	682.1	555.6	311	481.1	772.2	477	973.5	277.7	68.5	72.1	16.2	62.5	74.1	67.7	47.8	60.4	67		51.2	-6.2	-7.6	-7.5	-4.3	7.1	17.6	69.2	54.1	14.1	44.5	14.9	9	10.6	22.2	14.5	15.1	25.7	25.2	60.5	46.2	46.2	27.2	-6	29.5	66.7	54.4	46.7	24.9	399.9	4338.4
2010-05-01	74	74.7	4.3	2	2	1850	17905	1936	3178.1		18.4	457.8	359	937.8	11.6	14.2	134.3	142.9	81.9	90.5	126.2	123.3	541.2	334.3	122	115.9	111.5	114.5	112	199.2	627.2	626.2	482	290	458.7	657.9	454.2	941.7	254.8	11.6	13.9	13.2	4.6	20.6	17.8	25.2	23.5	40.6		18	-28.2	-17.7	-20.8	-5.8	-8.9	-2.3	51.8	28	11.3	16.9	-14.8	5.1	9.7	22.7	14.8	14.1	21.3	20.3	48.7	28.2	28.2	5.4	-21.5	16.7	12.6	38	23.7	0.7	379.6	4189.9
2010-06-01	75.6	75	4.6	2.1	2	1750	17425	1792.5	3002.3		18.7	464.8	354.3	948.5	9.4	18	164.2	148.3	79.2	91.3	123.7	123	536.2	334.8	121.5	114	109.5	110.1	110.2	188.3	608.9	607.8	486.3	295.8	471.4	661.7	436.5	952.1	258.5	8.2	8.2	20.4	8.6	15.3	3.6	23.1	15.7	26		37.5	-9.1	1.9	-22.7	-22.9	7.3	40	91.3	35	10.6	15.2	-16.8	4.6	8.7	22	12.2	10.8	12.6	18	47	26.8	26.8	8.9	-7.4	18.2	9	30.8	33.9	3.4	343.2	4298.2
2010-07-01	79	78.2	4.9	2.1	2	2077.5	19505	2025	3347.8		18	661.5	392.8	1052.5	10.6	19.6	176.3	146.6	85.8	92.7	134.6	136.4	542.1	333.4	120.1	113.1	108	106.2	107.8	205.9	671.2	670.1	564.2	348.8	499.1	683.9	463.7	931.5	274.4	13.7	9	34.8	3	13.9	10.6	44.5	15.7	22.5		29.1	25.2	15.7	-7.2	-23.3	5.2	37.9	60.6	53.2	9.4	14.2	-12.3	4.9	6.6	19.1	10.3	8.1	6.3	13	46	27.7	27.7	10.2	14.1	20.7	10	26.7	27.5	6.6	304.3	4254
2010-08-01	71.9	74.6	3.8	1.9	2	2070	21000	2065	3352.5		19.4	652.5	424.5	1008	11.1	19.8	176.8	137.6	75.2	97.3	134.4	131.7	545	330.6	118.6	111.7	106.3	104	105.8	202.3	665.8	664.7	544.1	366.1	496.7	639.2	490.7	962	264.2	2.8	7.2	28.2	-4.9	12.1	-1.8	49.5	9.8	13		30.2	38.5	30.1	-8.4	-20	-19	46.2	52.7	56.1	17.6	9.1	-5.1	4.6	3.9	16.2	6.9	4.8	-0.2	8.3	27	13.8	13.8	-8.2	23.5	19.7	5.3	29.4	27.9	4.1	310.4	4156
2010-09-01	80	82.3	3.9	2	2.2	2278	24250	2195	3686.7		21.8	674	495.8	1106.8	12.6	25.3	183.1	157	77.8	96.7	146	139	525.3	330.8	118.2	110.2	104.9	103.2	104.5	210.4	705.7	704.6	618.3	391.6	536.1	706.7	555.8	1044.4	286.9	13.3	19.2	-20	18.5	24.9	-0.3	62.8	11.5	27.3		31	47.3	44.1	19.4	-5.6	4.9	43.2	71.5	55.3	13	12.6	-3	-0.6	3.1	14.1	4.2	1.5	-3.8	-0.5	24.7	13	13	1.8	36.4	24.5	17.8	43.1	29.3	10.6	297.5	4220.2
2010-10-01	81.4	83.2	4	2.1	2.2	2449	25600	2423	3770.3	1357.6	24.6	717.3	582	1226	14.4	29.1	203.5	161.7	66.2	98.9	151.2	142.6	531.8	327.6	117.5	109.4	103.3	101.1	103.5	219.8	733.4	732.2	660	436	566.3	717.2	617.2	1092.7	300.7	5.8	10.6	-20	8.3	12.1	6.2	74.1	12.2	25.5		51.2	45.1	59	25.4	0.4	31.4	50.1	45.2	16.8	21.1	18.1	-1.4	-0.4	1.3	12.7	2.4	-2.2	-9.8	-5	36.8	21.3	21.3	5.1	42.8	25.1	8.3	49.1	34.2	11.2	317.5	4018.5
2010-11-01	84.1	85.9	4.2	2.3	2.3	2230	24495	2112	3736.3	1385	28.2	650.3	530	1243	13.9	27.6	201	149.2	69	103.1	146.4	132.1	531.7	326.1	114.3	109.4	102.3	99.4	102.5	215	705.3	704.1	572.9	421.3	566	740.3	605.7	1161.5	301.4	8.8	9.5	-13.8	13.2	14.8	-4.9	61.2	-9	18.3		52.4	14.6	31.6	17.2	-9.3	24.8	41.8	25.1	17.8	23.9	13.3	-6.8	-1.6	0.2	5.8	1.9	-4.7	-13.3	-9	25.8	12.6	12.6	-7.2	21.6	18.1	9	35.4	26.8	8.7	359.1	3704.6
2010-12-01	91.4	94.8	4.4	2.5	2.5	2550	26900	2454	4213	1421.4	30.9	794.3	629	1393.8	14	32.1	240.5	172.4	79.8	107.9	155.5	136.1	529.7	327.2	109.9	106.8	101.3	100.1	101.6	223.8	746	744.8	630.6	481.5	629.5	813.3	723.8	1234.5	332.8	15.1	21.6	-20.9	19.5	20.1	4.9	58.7	-4.1	23.8		83.7	46.7	51.7	34	-3.9	19.2	76.9	39	21.6	25.5	17	-4.2	-2.7	0.1	-2.9	-4	-7.2	-16.5	-11.1	22.8	15.8	15.8	0.7	43.8	30	17.4	56.8	42.3	17.4	403.6	3558.6
2011-01-01	92.2	101	4.4	2.5	2.7	2510	30100	2427	4321.3	1333.8	28.2	840.8	659.5	1413	15.5	34	244.8	168.6	87.3	109	158.2	128.7	529.5	326.6	106.8	106.7	101.5	100.1	103.1	231.5	766.5	765.2	632.8	503.9	650.8	853.5	777.5	1175.8	341.4	26.5	41.4	-13.9	30.9	44.3	24	75	15	38.3		74.1	77.4	85	54.6	9.2	13.6	85.9	23.8	31.2	27	26.7	2.8	-2.8	-1.4	-7.9	-5.3	-7.9	-18.2	-10.5	34.2	25	25	7.6	70.8	39.9	33.9	83.2	36.9	28.6	478.7	3774.8
2011-02-01	97	111.8	4	2.7	2.9	2562	32325	2520	4432.6	1409.9	33.8	782.5	722.5	1357.3	13.9	32.5	271.7	180	88.8	110.3	162	120.6	526.6	326.8	106.8	106.7	102.3	100.6	103.2	241.1	800.3	799	687.8	505.7	677	918.5	838.2	1274.8	352.6	21.7	44.1	-16.1	31.3	44.5	18.3	88.8	14.8	33.8		104.9	54.5	91.1	42.7	3.1	34.7	110.5	25.3	22	22.1	26.4	-8.3	-2.5	-0.1	-8.6	-6	-7.3	-18	-11.1	33.4	28.2	28.2	22.9	60.9	41.5	33	76.4	44.7	28.3	499.5	3700.4
2011-03-01	106.7	117.4	4.4	3.1	3.1	2695	31800	2362	4278.6	1438.9	37.9	763.3	693.3	1410.3	14	27.1	264.2	162.8	93.7	121.6	158.2	134.1	525.9	330.2	104.9	106.6	101.7	102.7	103.1	236.8	791.3	790	693.7	493.7	672.8	984.8	842.4	1327.1	359.4	27.4	41.9	13.4	34.5	42.7	25.5	72.4	-0.5	18.5		116.3	69.4	100.9	49.9	14.5	63.4	94	20.3	27.8	25.9	16.5	-4.1	-3.5	0.2	-11.8	-6.4	-8.5	-14.6	-10.9	19.5	19.3	19.3	17.9	70.5	44	34.5	71.3	44.6	31.5	448	3725.9
2011-04-01	113.9	125.9	4.7	3.5	3.3	2491	32050	2247	4280.2	1556.4	48.6	769.3	754	1392.8	14.8	23.4	299.4	176.6	95.3	117.1	164.9	132.6	520.4	329.8	102.8	104.9	101.3	103.8	103.1	248.6	833	831.7	748.8	508.2	687.7	1052.6	710.7	1501.8	370.6	32.2	44	19.8	44.6	42.3	11.7	75.6	-1.7	21.9		161	56.4	105.9	40.8	19.8	55.3	121.4	31.4	6.4	17.1	19	1	-4.6	-1.2	-15.4	-9.3	-9.6	-11.5	-9.7	17.5	21.9	21.9	34.8	63.4	42.9	36.3	49	54.3	33.4	439	3615.4
2011-05-01	102.7	116.7	4.7	3.2	3.1	2521	27940	2266	4144.1	1535.9	38.3	782.3	747.5	1376	15.1	23.2	264.6	182.5	90.2	103.8	164.3	133.7	522.2	330.1	102.1	103.4	101.4	105.1	103.7	250.2	832.6	831.2	740.3	501.2	656.4	959.8	717.1	1373.9	350.1	38.8	56.4	7.5	56	54.3	36.3	56	17	30.4		108	70.9	108.2	46.7	29.5	63.4	97.1	27.7	10.2	14.6	30.2	8.4	-3.5	-1.2	-16.3	-10.8	-9.1	-8.2	-7.4	25.6	32.7	32.7	53.6	72.8	43.1	45.9	57.9	45.9	37.4	421.4	3553.3
2011-06-01	95.4	112.5	4.4	3	2.9	2684	26050	2365	4151.8	1502.8	34.8	584.8	629	1306.3	13.9	28.4	265.4	198.6	94.4	112.8	160.2	131.1	526.9	331	102.2	103.9	102.2	105.4	104.6	241.6	814	812.5	734.7	433.2	632.2	914.1	639.3	1294.6	338	26.2	50	-5.2	47.1	48	53.4	49.5	31.9	38.3		86.4	25.8	77.6	37.7	47.2	57.3	61.6	34	19.2	23.6	29.5	6.6	-1.7	-1.1	-15.9	-8.9	-6.7	-4.3	-5.1	28.3	33.7	33.7	51.1	46.5	34.1	38.1	46.4	36	30.8	372.6	3393.9
2011-07-01	95.7	116.7	4.1	3.1	3.1	2613	28100	2490	4329.5	1628.3	40.1	672.5	665.5	1354.3	16.1	29.8	239.6	199.8	102.8	112.6	160.4	134.9	528.2	332.3	101.9	104.2	102.5	106.4	104.7	243.8	807.3	805.7	713.8	461.1	645.8	937.4	614	1410.1	342.1	21.2	49.3	-15.8	47.8	51.6	25.8	44.1	23	29.3		122.9	1.7	69.4	28.7	52.7	52.3	35.9	36.3	19.7	21.6	19.2	-1.1	-2.6	-0.3	-15.2	-7.9	-5.1	0.2	-2.9	18.4	20.3	20.2	26.5	32.2	29.4	37.1	32.4	51.4	24.7	381	3216.3
2011-08-01	88.8	114.9	4.1	3	3.1	2580	24400	2292	3991.1	1829.3	41.7	745.3	757.5	1449	17.7	29.7	289.1	168.6	85.5	113	150.6	121	524.3	329.4	101.9	103.4	102.8	107	104.9	229.6	771.9	770.2	647.7	522	661.9	900.9	606.4	1505.1	342.6	23.5	53.9	6.2	60.5	54.3	24.6	16.2	11	19		115	14.2	78.4	43.8	59.6	50.3	63.5	22.5	13.8	16.2	12	-8.1	-3.8	-0.4	-14.1	-7.4	-3.3	2.9	-0.9	13.5	16	15.9	19	42.6	33.3	40.9	23.6	56.5	29.7	364.5	3032
2011-09-01	79.2	102.8	3.7	2.6	2.8	1985	20350	1860	3198.2	1612.6	30	609.3	592.5	1179	16	26.3	228.9	150	93.4	122.2	132.7	91.2	521.9	330.2	101.8	103.1	103.1	106.3	104.5	203.5	683.3	681.9	541.9	411.1	571.4	800.5	510.8	1213.5	298.2	-1	24.8	-5.3	28.4	24.5	-12.9	-16.1	-15.3	-13.3		37.8	-9.6	19.5	6.5	27	4.1	25	-4.4	20.1	26.3	-9.1	-34.4	-0.6	-0.2	-13.9	-6.4	-1.7	3	0	-3.3	-3.2	-3.2	-12.3	5	6.6	13.3	-8.1	16.2	3.9	301.2	3121.8
2011-10-01	93.2	109.6	3.9	2.6	3	2082	22000	2000	3526.1	1725.2	34.3	628.3	647	1207.5	16.6	25.8	227	183.9	87.5	119.8	148.6	108.8	527.3	330.3	101.7	102.9	102.9	106.1	104.4	232.1	767.1	765.4	601.4	431.2	604.3	879.3	555.7	1318.1	319.8	14.4	31.8	-2.6	25.6	37.1	-15	-14.1	-17.5	-6.5	27.1	39.8	-12.4	11.2	-1.5	15.4	-11.5	11.6	13.7	32.1	21.2	-1.7	-23.7	-0.8	0.8	-13.4	-5.9	-0.4	4.9	0.9	5.6	4.6	4.5	-8.9	-1.1	6.7	22.6	-10	20.6	6.4	301.2	2972.4
2011-11-01	100.4	110.5	3.6	2.6	3	2110	20900	2071	3436.9	1745.5	32.7	595.8	601.3	1131.3	14.8	23.7	233.8	176.1	88.2	121.6	139.9	96.6	520.7	331.5	101.3	102	102.4	106	104.1	222.7	736.6	734.9	557.5	407.1	584.2	900.2	520.6	1291.6	313.8	19.3	28.6	-15.1	13.4	30.4	-5.4	-14.7	-1.9	-8	26	16.1	-8.4	13.4	-9	6.8	-14	16.3	18	27.7	18	-4.4	-26.9	-2.1	1.6	-11.4	-6.8	0.1	6.6	1.6	3.6	4.4	4.4	-2.7	-3.4	3.2	21.6	-14.1	11.2	4.1	251	2860.9
2011-12-01	98.8	107.4	3	2.7	2.9	2035	19200	1845	3306	1566.8	27.9	652.8	646.5	1198.5	14.6	23.3	226.9	169	84.3	122.9	140.1	97.5	516.6	330.2	101	101.2	101.8	103.1	103.1	231.9	743.5	741.5	529.2	433	563	895.3	513.5	1139.3	305.3	8.2	13.3	-32.1	9.5	15.4	-20.2	-28.6	-24.8	-21.5	10.2	-9.8	-17.8	2.8	-14	4.4	-27.5	-5.7	-1.9	5.7	13.9	-9.9	-28.4	-2.5	0.9	-8.1	-5.2	0.5	3	1.5	3.6	-0.3	-0.4	-16.1	-10.1	-10.6	10.1	-29.1	-7.7	-8.3	246	3000.6
2012-01-01	98.5	111	2.5	2.9	3.1	2213	24345	2106	3666.8	1737.8	33.2	666	639	1199	14	23.6	215.1	210	87.5	124.9	151.6	111	521.6	328.5	100.1	100.2	100.7	101.1	101	246.3	789.7	787.8	564.5	434.8	589	934.3	547.5	1302.8	312.3	6.8	9.9	-43.4	15.9	11.5	-11.8	-19.1	-13.2	-15.1	30.3	18	-20.8	-3.1	-15.1	-9.7	-30.4	-12.2	24.6	0.3	14.6	-4.2	-13.7	-1.5	0.6	-6.3	-6.1	-0.8	1	-2	6.4	3	2.9	-10.8	-13.7	-9.5	9.5	-29.6	10.8	-8.5	301.5	3133.1
2012-02-01	107.1	122.7	2.6	3	3.2	2160.5	23625	2112	3707.6	1711.3	34.6	664.3	656.5	1313.5	14.2	25.7	203.2	190.6	89.4	127.7	156.4	125	518.6	329.8	99.6	99.3	99.6	100.3	99.8	243.4	791.5	789.6	577	450.3	600.3	1005.2	543.7	1341.5	322.4	10.4	9.7	-35.2	11.5	9	-15.7	-26.9	-16.2	-16.4	21.4	2.3	-15.1	-9.1	-3.2	2.5	-21.1	-25.2	5.9	0.7	15.8	-3.4	3.6	-1.5	0.9	-6.7	-6.9	-2.6	-0.3	-3.3	0.9	-1.1	-1.2	-16.1	-11	-11.3	9.4	-35.1	5.2	-8.6	319.4	3250.1
2012-03-01	103	122.9	2.1	3.4	3.2	2042	22800	2000	3581.4	1669.3	32.5	660.8	644	1403	14.8	24.7	182.5	164.5	83.4	120.5	156.6	115.3	529.2	327.4	99.2	98.8	99.2	99.7	99.4	254.1	810.7	808.8	603.9	449.5	572.9	997.4	547.7	1290.3	308.5	-3.5	4.7	-51.6	9.1	2.5	-24.2	-28.3	-15.3	-16.3	16	-14.3	-13.4	-7.1	-0.5	5.6	-8.9	-30.9	1	-11	-0.9	-1	-14	0.6	-0.9	-5.4	-7.3	-2.5	-2.9	-3.6	7.3	2.5	2.4	-12.9	-9	-14.8	1.3	-35	-2.8	-14.2	309.4	3185.2
2012-04-01	104.9	119.5	2.3	3.2	3.2	2148	22775	2062.5	3588.2	1664.2	31	647.8	660.3	1503	14.9	21.2	178	140.9	83.7	118.8	159.5	121	518.6	326.9	99	98.4	98.7	98.8	98.4	260.5	831.1	829.1	583.1	450.9	558.2	985.3	530.9	1249.4	305.9	-8	-5.1	-51.4	-8.1	-2.2	-13.8	-28.9	-8.2	-16.2	6.9	-36.3	-15.8	-12.4	7.9	0.4	-9.5	-40.6	-20.2	-12.2	1.5	-3.2	-8.8	-0.3	-0.9	-3.7	-6.2	-2.6	-4.8	-4.6	4.8	-0.2	-0.3	-22.1	-11.3	-18.8	-6.4	-25.3	-16.8	-17.4	298	3210.5
2012-05-01	86.5	101.9	2.4	2.8	2.7	1921	19600	1870.5	3216.1	1562.6	27.7	643.8	555.3	1340	14.2	19.4	160.7	112.1	89.8	117.1	148.7	113.1	520.8	327.6	98.8	98.9	98.4	98.4	97.7	248.2	787.4	785.4	532	415.6	508.8	834.5	446.8	1139.9	273	-15.7	-12.7	-48.1	-10.3	-11.5	-23.8	-29.8	-17.5	-22.4	1.7	-27.6	-17.7	-25.7	-2.6	-5.6	-16.2	-39.3	-38.6	-0.4	12.9	-9.5	-15.4	-0.3	-0.8	-3.2	-4.4	-3	-6.4	-5.8	-0.8	-5.4	-5.5	-28.1	-17.1	-22.5	-13.1	-37.7	-17	-22	263.5	3241.1
2012-06-01	85	97.8	2.8	2.7	2.7	1861	18775	1877	3251.7	1604.2	27.6	739	672.5	1512.8	14.2	21.8	170.1	122.7	96.6	116.6	158.7	120.7	522.3	326.2	99	99	98.5	98.4	97.5	262	835	832.9	573.8	478.4	539.7	816	458.5	1156.9	284.2	-11	-13.1	-35.4	-10	-8.1	-30.7	-27.9	-20.6	-21.7	6.7	-20.8	26.4	6.9	15.8	2.2	-23.1	-35.9	-38.2	2.4	3.4	-1	-7.9	-0.9	-1.4	-3.1	-4.7	-3.6	-6.6	-6.8	8.4	2.6	2.5	-21.9	10.5	-14.6	-10.7	-28.3	-10.6	-15.9	236.2	3252.1
2012-07-01	88.1	104.9	3.2	2.9	2.8	1920	18100	1842	3191.2	1610.5	27.9	888.3	806.5	1721	15.6	22.6	174.4	109.9	93	118.9	165	121.8	519.2	324	99.3	98.9	98.5	98.7	97.6	267.2	865.3	863.1	597.6	568.3	560.9	853.6	453	1153.7	299.5	-8	-10.1	-22.6	-6.4	-8.2	-26.5	-35.6	-26	-26.3	-1.1	-30.4	32.1	21.2	27.1	-3.1	-24.1	-27.2	-45	-9.6	5.5	2.8	-9.7	-1.7	-2.5	-2.6	-5.1	-3.9	-7.2	-6.8	9.6	7.2	7.1	-16.3	23.2	-13.1	-8.9	-26.2	-18.2	-12.4	213.7	3212.7
2012-08-01	96.5	114.6	2.8	3.1	3.2	1965	19400	1841	3225.3	1685.3	31.4	870	802.8	1764.5	15	19.8	164.6	131.9	74.2	119	164.5	119.8	518.8	327.1	99.4	99.2	98.5	99	97.8	266.7	862.2	860.2	612.8	580.1	576.9	939.6	473.6	1251.6	309.6	8.6	-0.2	-31	2.4	3	-23.8	-20.5	-19.7	-19.2	-7.9	-24.8	16.7	6	21.8	-15.1	-33.4	-43.1	-21.7	-13.2	5.3	9.3	-1	-1	-0.7	-2.5	-4.1	-4.2	-7.5	-6.8	16.2	11.7	11.7	-5.4	11.1	-12.8	4.3	-21.9	-16.8	-9.6	215.8	3184.2
2012-09-01	92.2	112.4	3.3	3.3	3.2	2280	21800	2096	3549	1771.1	34.5	902.5	756.3	1601	15.5	19.6	173.5	113.2	77.2	122.1	167.3	128.4	518.4	326	99.5	99.4	98.4	99.3	97.9	262.3	856.7	854.6	611.2	553.8	580.2	920.9	472.8	1350.1	309.3	16.4	9.4	-9.4	27.3	13.4	14.9	7.1	12.7	11	9.8	14.9	48.1	27.6	35.8	-3	-25.7	-24.2	-24.6	-17.3	-0.1	26.1	40.7	-0.7	-1.3	-2.3	-3.6	-4.6	-6.6	-6.3	28.9	25.4	25.3	12.8	34.7	1.6	15	-7.4	11.3	3.7	256.9	3221.6
2012-10-01	86.2	108.7	3.7	2.8	3.1	2063	19925	1870	3278.5	1719.1	32.3	864.5	755.8	1547	14.8	19.5	154.7	106.3	78.3	126.8	168.5	129.7	515.1	327.2	99.8	99.6	98.7	99.9	98.4	261.2	865.3	863.3	654.9	540	563.9	865.2	456.1	1282	295.8	-7.5	-0.8	-6.2	4.5	0.8	-0.9	-9.4	-6.5	-7	-0.4	-6	37.6	16.8	28.1	-10.9	-24.5	-31.9	-42.2	-10.5	5.8	13.4	19.2	-2.3	-0.9	-1.9	-3.2	-4.1	-5.8	-5.7	12.5	12.8	12.8	8.9	25.2	-6.7	-1.6	-17.9	-2.7	-7.5	243.1	3089.4
2012-11-01	88.9	111.2	3.6	2.8	3	2252	21845	2046	3471.5	1710.9	33.2	844.8	748	1438.8	15.3	19.3	142.1	123.3	84.1	126.7	169.3	140.7	522.2	327.6	100.7	100.4	99.2	100.7	99.3	259.7	860.7	858.8	669.5	525.1	571.2	889	475.9	1300.1	299	-11.4	0.6	0.3	7.5	0.7	6.7	4.5	-1.2	1	-2	1.4	41.8	24.4	27.2	3	-18.4	-39.2	-30	-4.6	4.2	21	45.6	0.3	-1.2	-0.6	-1.6	-3.1	-5	-4.6	16.6	16.8	16.9	20.1	29	-2.2	-1.3	-8.6	0.7	-4.7	246.6	2948.6
2012-12-01	91.8	111.1	3.4	2.8	3	2330	23400	2080	3454.5	1675.8	30.2	778	698.3	1418.8	14.9	19.5	143.8	116.1	85.7	129.9	174.9	144.9	531.1	326.8	101.6	100.8	100	102.3	100.8	267.8	876.1	874.4	686.4	492.5	554.6	900.3	480.2	1233.9	295	-7.1	3.5	12.1	4.7	3.8	14.5	21.9	12.7	4.5	7	8.2	19.2	8	18.4	1.8	-16.3	-36.6	-31.3	1.7	5.7	24.9	48.7	2.8	-1	0.6	-0.4	-1.8	-0.8	-2.2	15.5	17.8	17.9	29.7	13.8	-1.5	0.6	-6.5	8.3	-3.4	289	3262.3
2013-01-01	97.5	115.6	3.3	3	3.1	2431	24770	2145	3557.9	1660.6	31.3	779.5	740.5	1468.5	15.5	18.8	147	119.7	87.6	127.6	180	152.6	526.9	328.3	103.3	101.4	101.3	104.7	103.2	276.9	899.2	897.3	677	508.9	569.1	957.1	510	1280.3	304	-1	4.1	33.4	4.8	2.2	9.9	1.7	1.9	-3	-4.4	-5.7	17	15.9	22.5	10.7	-20.6	-31.7	-43	0.1	2.2	18.7	37.4	1	-0.1	3.2	1.2	0.6	3.6	2.2	12.4	13.9	13.9	19.9	17.1	-3.4	2.4	-6.9	-1.7	-2.7	293.3	3493.4
2013-02-01	92.1	111.4	3.5	2.9	3	2281.5	23400	2065	3386.4	1578.1	28.4	707.8	719.5	1474.3	15.5	18.4	142.7	127.2	81	128	181	149.3	529.1	329.3	105.9	102.8	103.4	108.1	105.7	279.7	903.9	901.9	663.2	479.3	550.1	918	504.1	1195.3	292.9	-14	-9.2	33.3	-4.2	-6.8	5.6	-1	-2.2	-8.7	-7.8	-17.9	6.5	9.6	12.2	9.2	-28.4	-29.8	-33.3	-9.4	0.3	15.7	19.5	2	-0.1	6.3	3.5	3.8	7.8	5.9	14.9	14.2	14.2	14.9	6.4	-8.4	-8.7	-7.3	-10.9	-9.1	275.5	3767.8
2013-03-01	97.2	110	4	3.1	2.9	2112	23230	1897	3262.1	1594.8	28.3	687.8	695.3	1404.8	15.4	17.7	137.2	135.2	80.6	128.9	183.9	141.3	531.9	330.1	108.6	104.3	106.4	111.1	108.9	286.7	923.9	921.8	659.3	457.4	551.9	939.8	504.6	1196.2	296.4	-5.6	-10.5	89.3	-8.4	-8	3.4	1.9	-5.2	-8.9	-4.5	-12.9	4.1	8	0.1	4.1	-28.5	-24.8	-17.8	-3.4	7	17.4	22.5	0.5	0.8	9.5	5.6	7.3	11.4	9.6	12.8	14	14	9.2	1.8	-3.7	-5.8	-7.9	-7.3	-3.9	261.5	4582.7
2013-04-01	93.5	102.4	4.3	2.8	2.9	2027	20370	1868	3075.6	1472.1	24.1	721.8	683.3	1467.8	14.9	17.7	135	141.4	90.1	128.4	197.9	148.4	538.2	329.7	110.3	105.2	108.5	113.5	111.3	304.5	985.8	983.6	717.5	458.4	541.8	879.6	481.4	1088.3	288.1	-10.9	-14.3	90.1	-12	-9.7	-5.6	-10.6	-9.4	-14.3	-11.5	-22	11.4	3.5	-2.3	-0.1	-16.5	-24.2	0.4	7.7	8.1	24.1	22.7	3.8	0.9	11.4	6.9	9.9	14.9	13.1	16.9	18.6	18.6	23	1.7	-2.9	-10.7	-9.3	-12.9	-5.8	251.3	4437.1
2013-05-01	92	100.4	4	2.8	2.8	2201	20900	1927	3169.9	1392.6	22.2	705.5	662	1510	15.3	16.6	127.1	151.4	95.6	121.3	179.9	142	539.7	331.3	111.8	105.4	110.2	115.3	113.7	285.7	905.8	903.8	704.2	461.9	528.1	863.2	471.6	1028.9	281.9	6.3	-1.5	64.5	-1.6	3.2	14.6	6.6	3	-1.4	-10.9	-19.9	9.6	19.2	12.7	7.5	-14.8	-20.9	35.1	6.5	3.6	21	25.6	3.6	1.1	13.2	6.6	12	17.2	16.4	15.1	15	15.1	32.4	11.1	3.8	3.4	5.6	-9.7	3.3	248	4664.4
2013-06-01	96.6	102.2	3.6	2.8	2.9	2051	19675	1853	2940.5	1223.7	19.5	648.5	679.3	1564.5	15.7	16.4	120	129.9	101.3	118.2	174.4	127.3	542.7	332.8	112.9	105.8	111.9	116.3	115.7	278.2	873.4	871.3	660.2	418.5	500.4	876.3	461.5	915.5	275.6	13.7	4.5	26.2	0.9	6.8	10.2	4.8	-1.3	-9.6	-23.7	-29.5	-12.2	1	3.4	10.9	-24.9	-29.5	5.9	4.8	1.4	9.9	5.5	3.9	2	14	6.9	13.6	18.2	18.7	6.2	4.6	4.6	15	-12.5	-7.3	7.4	0.6	-20.9	-3	232.3	5275.4
2013-07-01	105	107.7	3.4	3	3	2070	20400	1843	2990.2	1312.4	19.6	664.3	499	1374	15.8	17	118.6	143.9	97.6	121.5	175.3	127.1	547.2	337.1	114.1	106	113.7	117.2	116.6	279.9	874.7	872.3	704.6	394.9	508.2	942	469.3	960.1	283.9	19.3	2.6	7.4	4.4	7.1	7.8	12.7	0.1	-6.3	-18.5	-29.7	-25.2	-38.1	-20.2	1.3	-25	-32	30.9	5	2.2	6.3	4.3	5.4	4	14.9	7.2	15.4	18.7	19.5	4.7	1.1	1.1	17.9	-30.5	-9.4	10.4	3.6	-16.8	-5.2	237.2	4918.5
2013-08-01	107.7	114	3.6	3	3.1	2152	21225	1905	3062.8	1395.8	23.5	643.3	495	1424	15.8	16.3	112.1	137	87.6	122.7	168.3	125.2	550.9	338.5	114.9	106.1	115.4	118.8	118.1	260.6	827.5	824.7	660.6	407.9	523.6	956.9	474.1	1064	291.2	11.6	-0.5	27.9	-2.8	-0.9	9.5	9.4	3.5	-5	-17.2	-25.2	-26.1	-38.3	-19.3	5.3	-17.4	-31.9	3.8	18.1	3.1	2.3	4.5	6.2	3.5	15.6	7	17.2	20	20.8	-2.3	-4	-4.1	7.8	-29.7	-9.2	1.8	0.1	-15	-6	256.2	4733.9
2013-09-01	102.3	108.4	3.6	2.6	3	2117	23350	1918	3140.7	1326.5	21.7	678.5	441.5	1282.8	15.1	17.5	113.7	131.3	92	127.9	177.8	127.3	553.2	342.7	116	106.7	117	120	119.7	268.3	865.5	862.4	722.5	393.1	517.1	897.3	491.9	992.6	285.5	11	-3.6	7.2	-21.2	-6.3	-7.1	7.1	-8.5	-11.5	-25.1	-37.3	-24.8	-41.6	-19.9	-2.2	-10.7	-34.5	16	19.2	4.7	6.3	-0.8	6.7	5.1	16.6	7.3	18.9	20.8	22.3	2.3	1	0.9	18.2	-29	-10.9	-2.6	4.1	-26.5	-7.7	251.1	5966.3
2013-10-01	96.4	108.8	3.6	2.6	3	2184	22875	1952	3149.6	1323.7	21.8	667.5	428.3	1280.3	15	18.3	105.4	121.6	89.2	134.5	181.4	134.4	559.8	346.1	116.4	107	117.8	120.5	120.2	279.3	893.1	890.6	760.7	385.1	508.1	881.6	464.5	1002.5	277.9	11.8	0.1	-3	-4.6	-3.3	5.9	14.8	4.4	-3.9	-23	-32.4	-22.8	-43.3	-17.2	1.3	-5.9	-31.8	14.4	13.9	6.1	7.6	3.6	8.7	5.8	16.6	7.4	19.4	20.6	22.2	6.9	3.2	3.2	16.1	-28.7	-9.9	1.9	1.8	-21.8	-6.1	248.1	5928.2
2013-11-01	92.7	109.7	4	2.7	3	2080	22800	1887	3036.5	1250.6	20	655	415.3	1336.5	16	17.2	110.3	139.7	85.7	133.5	175.2	127.7	564.1	349.1	116.3	107	118.2	120.7	120.6	265.1	849.4	847.1	757.9	389.1	509.2	890.3	461.6	937.5	274.9	4.3	-1.4	11	-2.8	0.2	-7.6	4.4	-7.8	-12.5	-26.9	-39.8	-22.5	-44.5	-7.1	4.5	-11.3	-22.4	13.3	1.9	5.3	3.5	-9.2	8	6.6	15.5	6.6	19.2	19.9	21.5	2.1	-1.3	-1.4	13.2	-25.9	-10.9	0.1	-3	-27.9	-8.1	262.8	5668.8
2013-12-01	98.4	110.8	4.2	2.8	3.1	2219	22350	2055	3182.9	1202.3	19.3	605.3	422	1312.5	15.5	16.4	110.7	136.5	85.4	134.5	175	118.4	563.9	353.8	116	107.4	118.2	120.1	119.9	265.3	845.7	842.4	760.3	372.7	508.1	924	489.2	916.1	280.2	7.2	-0.3	26.2	-0.9	1.1	-4.8	-4.5	-1.2	-7.9	-28.3	-35.9	-22.2	-39.6	-7.5	4.4	-15.9	-23	17.6	-0.3	3.5	0	-18.3	6.2	8.2	14.2	6.5	18.2	17.4	18.9	-0.9	-3.5	-3.7	10.8	-24.3	-8.4	2.6	1.9	-25.8	-5	279.5	6251.2
2014-01-01	97.5	106.4	4.9	2.6	3.3	2114	22025	1972	3041.6	1240.1	19.1	555.8	434	1282.8	15.4	15.6	125.2	142.6	86.2	141.7	172.5	111.5	569	356.8	114.7	107.3	117.5	118.6	117.8	273.8	860.4	855.2	748.8	364.2	515	898.5	479.2	922.1	283.3	0	-7.9	48	-13.2	4.8	-13	-11.1	-8.1	-14.5	-25.3	-39	-28.7	-41.4	-12.6	-0.6	-17.2	-14.8	19.1	-1.6	11	-4.1	-26.9	8	8.7	11	5.8	16	13.3	14.1	-1.1	-4.3	-4.7	10.6	-28.4	-9.5	-6.1	-6	-28	-6.8	224.2	6391.9
2014-02-01	102.6	109.1	4.6	2.8	3.1	2135	23540	2073	3084.9	1321.6	21.2	599	457.5	1414.3	15.4	16.5	179.8	147.8	106.9	152	178.1	113.8	584	359.9	112.2	106.3	115.7	115.7	115.6	285.6	901.4	896.2	816.3	392.1	550.1	934.1	481	991.6	302.4	11.5	-2.1	32.2	-4.3	4	-6.4	0.6	0.4	-8.9	-16.3	-25.3	-15.4	-36.4	-4.1	-0.8	-10.4	26	16.2	31.9	18.7	-1.6	-23.8	10.4	9.3	5.9	3.4	11.9	7	9.4	2.1	-0.3	-0.6	23.1	-18.2	0	1.8	-4.6	-17	3.2	221.6	6176.5
2014-03-01	101.6	107.8	4.4	2.9	2.9	2068	22800	1983	2997.4	1283.4	19.7	697.3	502	1464	15.6	17.8	177.9	155	126	145.9	177.4	118.2	579.4	361.4	110.3	105.1	113.1	113.3	112.8	285.5	896.5	892.4	785.4	427.2	560.4	920.1	486	953	304.7	4.5	-2.1	8.6	-6.3	0.6	-2.1	-1.9	4.5	-8.1	-19.5	-30.2	1.4	-27.8	4.2	1.6	0.6	29.7	14.7	56.3	13.1	-3.5	-16.4	8.9	9.5	1.6	0.8	6.3	2	3.6	-0.4	-3	-3.2	19.1	-6.6	1.5	-2.1	-3.7	-20.3	2.8	250.2	6175.9
2014-04-01	99.7	108.1	4.8	3	2.9	2106	22950	2040	3052.1	1295.9	19.1	713	514	1530.8	15.6	17.2	203.1	154.6	117.7	145.8	182.6	115.5	572.2	365.4	108.9	104.5	111.5	111.1	111	293.6	930.4	926	821.6	441.3	566.5	918.4	473.7	947.9	309.5	6.7	5.6	10.9	7.4	2.1	3.9	12.7	9.2	-0.8	-12	-20.8	-1.2	-24.8	4.3	5.1	-2.4	50.5	9.3	30.6	13.6	-7.7	-22.2	6.3	10.8	-1.3	-0.7	2.8	-2.1	-0.3	-3.6	-5.6	-5.9	14.5	-3.7	4.6	4.4	-1.6	-12.9	7.4	203.9	6681.8
2014-05-01	102.7	109.4	4.5	3	2.9	2095	23220	2054	3136.5	1245.6	18.7	627.3	465.8	1493.3	15	17.4	177.5	159.4	113.4	137.8	189.3	115.8	593.7	368.1	107.7	104.1	109.6	109.5	108.7	301.1	956.8	950.7	847.4	397.7	548	921.3	461.8	932.8	305.5	11.7	9	14	7.8	3.3	-4.8	11.1	6.6	-1.1	-10.6	-16.1	-11.1	-29.6	-1.1	-2	5	39.7	5.3	18.5	13.6	5.2	-18.4	10	11.1	-3.7	-1.2	-0.5	-5	-4.4	5.4	5.6	5.2	20.3	-13.9	3.8	6.7	-2.1	-9.3	8.4	185.9	7185.4
2014-06-01	105.4	112.4	4.5	3.1	3	2173	22545	2217	3207.5	1322	21	564.8	424.3	1400.5	14.5	16.6	173	140.8	132.7	153	191	109.7	592.7	372.6	106.4	103.3	107	107.7	106.6	302.9	960.9	955.9	862.8	363.3	544.7	944.6	445.5	997.1	308.2	9.1	10	25.1	11.8	3.2	5.9	14.6	19.6	9.1	8	8	-12.9	-37.5	-10.5	-7.6	1.5	44.2	8.4	31	29.5	9.5	-13.8	9.2	11.9	-5.8	-2.4	-4.4	-7.4	-7.9	8.9	10	9.7	30.7	-13.2	8.9	7.8	-3.5	8.9	11.8	200.1	7683.2
2014-07-01	98.2	106	3.8	2.8	2.9	2226	22850	2360	3280.9	1281.3	20.4	530.3	357	1224.5	13	16.5	195.1	140.7	118	157.9	192.9	121.5	601.5	373.1	104	102.1	104.1	105.2	105.1	302.5	962.6	957.7	835	320.8	520.2	887.9	413.2	973.2	294.4	-6.5	-1.6	11.5	-7	-5.1	7.5	12	28.1	9.7	-2.4	3.9	-20.2	-28.5	-10.9	-18	-3	64.5	-2.2	21	30	10	-4.3	9.9	10.7	-8.9	-3.7	-8.4	-10.2	-9.9	8.1	10	9.8	18.5	-18.8	2.3	-5.7	-12	1.4	3.7	198.3	7979.3
2014-08-01	96	103.2	4.1	2.8	2.9	2241	21875	2359	3280.4	1286.5	19.4	550.3	359	1089.5	12.6	15.5	195.8	148.6	98.1	155.9	195.7	120.1	599.8	375.8	102.1	100.6	101.5	102.1	102.5	311.5	987.7	982.3	842.2	324	516.8	868.8	420.1	950.6	292.7	-10.9	-9.5	13.5	-7.8	-9	4.1	3.1	23.8	7.1	-7.8	-17.3	-14.5	-27.5	-23.5	-20.4	-5.2	74.6	8.5	12	27.1	16.2	-4.1	8.9	11	-11.1	-5.2	-12	-14.1	-13.2	19.5	19.4	19.1	27.5	-20.6	-1.3	-9.2	-11.4	-10.7	0.5	186.4	7768.2
2014-09-01	91.2	94.7	4.1	2.6	2.6	2100	20310	2288	3091.6	1210.5	17	477.8	320.8	913.3	12.7	15.5	193.4	144.8	108	160.5	183	111.2	605.2	375.2	100.4	99.3	99.2	99.4	100.3	292.6	924.2	918.5	788.6	283.1	489.2	812.4	391.3	864.3	278.5	-10.9	-12.6	15.8	-1.8	-10.9	-0.8	-13	19.3	-1.6	-8.7	-21.5	-29.6	-27.3	-28.8	-15.8	-11.4	70.1	10.2	17.4	25.5	3	-12.6	9.4	9.5	-13.4	-6.9	-15.2	-17.2	-16.2	9.1	6.8	6.5	9.1	-28	-5.4	-9.5	-20.5	-12.9	-2.5	171.1	7480.7
2014-10-01	80.5	85.9	3.9	2.2	2.5	2010	19680	2307	3122.7	1171.6	16.1	532.5	376.8	1046.5	12	16	188	133.7	88	169.5	194.7	114.3	603.5	377.2	98.7	98.4	98	97.3	99	318.4	987.6	981.6	802.5	323.1	483	737.6	402.3	824.4	272	-16.4	-21.1	8.2	-17.6	-15.3	-8	-14	18.2	-0.9	-11.5	-26.4	-20.2	-12	-18.3	-20.1	-12.4	78.4	10	-1.3	26	7.3	-14.9	7.8	9	-15.2	-8	-16.8	-19.3	-17.6	14	10.6	10.2	5.5	-16.1	-4.9	-16.3	-13.4	-17.8	-2.1	192.6	7564.1
2014-11-01	66.2	70.2	4.1	1.9	2.2	2028	20250	2215	3023.2	1175.2	15.5	577.3	375.8	1016	12.3	15.6	186.7	148.9	90.3	168.9	196.5	117.9	608.6	378.9	97.9	97.7	97.1	96.2	98.1	325	1006.6	1000.5	826.4	331.1	473	629.9	379.3	810.2	254.4	-28.7	-36	3.4	-29.1	-26.8	-2.5	-11.2	17.4	-0.4	-6	-22.5	-11.9	-9.5	-24	-22.7	-9.1	69.3	6.5	5.4	26.5	12.1	-7.7	7.9	8.5	-15.8	-8.7	-17.9	-20.3	-18.7	22.6	18.5	18.1	9	-14.9	-7.1	-29.2	-17.8	-13.6	-7.5	187.5	7508.8
2014-12-01	53.3	57.3	2.9	1.4	1.8	1858	19400	2178	2914.3	1184.1	15.6	589.8	397	1019.3	11.5	14.5	166.6	140.1	81.2	165.7	194.4	110.4	613.1	379	97.3	97	96.3	95.3	98.7	327.4	1001.1	993.1	801.7	336	447.4	523.8	378.3	812.7	230	-45.9	-48.3	-31.7	-48.5	-40	-16.3	-13.2	6	-8.4	-1.5	-19.5	-2.6	-5.9	-22.3	-25.9	-11.5	50.5	2.6	-4.9	23.2	11.1	-6.8	8.7	7.1	-16.1	-9.7	-18.5	-20.6	-17.7	23.4	18.4	17.9	5.4	-9.9	-11.9	-43.3	-22.7	-11.3	-17.9	196.4	7592.4
2015-01-01	48.2	53	2.7	1.4	1.7	1860	19025	2125	2714.9	1278.5	17.2	502.8	370	961	10.6	14.8	161.9	140	67.5	154.9	203.2	111.2	622.7	380.6	96.8	96.4	95.8	94.6	98.7	347.2	1056.7	1048.1	860.3	306.6	429.9	500.4	353.5	868.5	218.8	-50.5	-50.2	-45.6	-46.1	-48.6	-12	-13.6	7.8	-10.7	3.1	-10	-9.5	-14.7	-25.1	-31.4	-4.9	29.3	-1.8	-21.7	9.3	17.8	-0.3	9.5	6.7	-15.6	-10.2	-18.5	-20.2	-16.2	26.8	22.8	22.6	14.9	-15.8	-16.5	-44.3	-26.2	-5.8	-22.8	191.3	7707
2015-02-01	49.8	62.5	2.7	1.8	2.3	1728	17950	2065	2753	1213.1	16.5	517.5	384.5	1030.8	10.5	13.9	137.5	121	67.5	158	202.8	114.2	624.4	380.3	96.4	96	95.3	94	98.6	335.9	1038	1029.6	879.9	320.2	434.1	576.1	382.3	830.2	224.1	-51.5	-42.7	-40.7	-36.6	-25.6	-19.1	-23.7	-0.4	-10.8	-8.2	-22.1	-13.6	-16	-27.1	-31.9	-15.5	-23.6	-18.1	-36.9	4	13.9	0.4	6.9	5.7	-14.1	-9.7	-17.6	-18.8	-14.7	17.6	15.2	14.9	7.8	-18.3	-21.1	-38.3	-20.5	-16.3	-25.9	222	7760.6
2015-03-01	47.6	55.1	2.6	1.8	1.7	1820	16605	2081	2750.8	1183.1	16.6	511.8	376.3	973.3	10.9	12	132.7	123.7	62.4	161.3	201.4	113.7	625.4	379.9	96.3	95.9	95	93.6	99.1	337.8	1027.8	1018.7	842.1	311	417.2	520.3	380.6	814.3	211.9	-53.1	-48.9	-39.6	-38.9	-41.4	-12	-27.2	4.9	-8.2	-7.8	-16	-26.6	-25	-33.5	-30.3	-32.4	-25.4	-20.2	-50.5	10.6	13.5	-3.8	7.9	5.1	-12.7	-8.8	-16	-17.4	-12.1	18.3	14.6	14.1	7.2	-27.2	-25.6	-43.5	-21.7	-14.6	-30.5	208	7678.7
2015-04-01	59.6	66.8	2.8	2	2	2110	16025	2345	2938.8	1182.4	16.1	467	362.5	978.5	10	13	137.2	112	77	159.5	199.9	129.8	637.5	384.1	96.8	95.9	95.3	93.9	100.7	319.7	997.2	988.5	860.6	299.1	428.8	609.6	402.6	805.8	229.5	-40.2	-38.2	-42.9	-31.9	-32.7	0.2	-30.2	15	-3.7	-8.8	-15.7	-34.5	-29.5	-36.1	-35.7	-24.6	-32.4	-27.6	-34.6	9.4	9.5	12.3	11.4	5.1	-11.1	-8.2	-14.5	-15.5	-9.3	8.9	7.2	6.8	4.7	-32.2	-24.3	-33.6	-15	-15	-25.9	213.7	7500.4
2015-05-01	60.3	65.5	2.6	2.1	2	1950	15600	2188	2735.5	1189.4	16.7	477	351.5	934	9.5	12	126.5	114.2	83.8	152.3	196.9	119.1	635.7	385.3	97.7	96.1	97.7	95.2	107.5	318	985	975.3	835.6	289.6	421.1	603.6	383.5	809.7	223.2	-41.3	-40.2	-41.8	-30.4	-32.2	-6.9	-32.8	6.5	-12.8	-4.5	-10.6	-24	-24.5	-37.5	-36.5	-30.9	-28.8	-28.4	-26	10.5	4	2.8	7.1	4.7	-9.3	-7.7	-10.9	-13.1	-1.1	5.6	2.9	2.6	-1.4	-27.2	-23.2	-34.5	-16.9	-13.2	-26.9	229.9	7407.3
2015-06-01	59.5	63.1	2.8	2.1	1.9	1760	13920	2000	2600.7	1171.8	15.6	614.8	414	1056.3	10.2	12.2	130.9	114.8	76.2	147.9	187.6	112.9	645.5	384.9	98.9	96.9	100.3	97.3	115.7	303.5	939.6	931.2	804.6	349.9	433.4	590.3	384.5	779.7	227.2	-43.6	-43.8	-36.5	-32.1	-36.5	-19	-38.3	-9.8	-18.9	-11.4	-26	8.9	-2.4	-24.6	-30.1	-26.4	-24.3	-18.5	-42.6	-3.4	-1.8	2.9	8.9	3.3	-7	-6.2	-6.3	-9.7	8.5	0.2	-2.2	-2.6	-6.7	-3.7	-20.4	-37.5	-13.7	-21.8	-26.3	205	6738.7
2015-07-01	47.1	51.9	2.7	1.8	1.6	1702	16300	1916	2438.9	1094.9	14.7	499.3	371	980.8	11.5	11.2	125.9	123.4	78.5	145.7	193.8	107.1	644.4	386.5	101	97.8	103.1	99.7	123.6	318.4	982.8	973.2	852	302.5	400.9	489	356.4	725.8	202.6	-52	-51.1	-29.3	-35	-45.1	-23.5	-28.7	-18.8	-25.7	-14.5	-27.6	-5.8	3.9	-19.9	-11.3	-32.3	-35.5	-12.3	-33.5	-7.7	0.5	-11.9	7.1	3.6	-2.9	-4.2	-1	-5.2	17.6	5.2	2.1	1.6	2	-5.7	-22.9	-44.9	-13.7	-25.4	-31.2	192.8	6227.4
2015-08-01	49.2	53.1	2.7	1.6	1.7	1732	14200	1809.5	2377.6	1132	14.6	482.5	363.8	897.5	11.9	10.6	121	129.6	68	145.5	181.5	95.9	665.4	387.5	103	99	105.6	102	131.3	299.2	929.2	919.5	816.2	295	399.8	494.5	350.2	737.4	202.1	-48.7	-48.5	-33.8	-41.1	-41.4	-22.7	-35.1	-23.3	-27.5	-12	-24.9	-12.3	1.3	-17.6	-5.6	-31.3	-38.2	-12.8	-30.7	-6.7	-7.2	-20.1	10.9	3.1	0.9	-1.6	4	-0.1	28.1	-3.9	-5.9	-6.4	-3.1	-8.9	-22.6	-43.1	-16.6	-22.4	-31	165	6348.3
2015-09-01	45.1	48.4	2.5	1.4	1.5	1672	15525	1688.5	2371.2	1115.5	14.5	512.8	387.8	892	13.2	12.2	121.3	105.2	73.5	124.7	182.3	93.6	656.4	389.6	104.7	100.3	108.3	104.9	137.6	304	943.1	932	814.4	304.4	389	447.8	343.7	707.2	193.8	-50.5	-48.8	-38.8	-46.3	-42.9	-20.4	-23.6	-26.2	-23.3	-7.8	-14.7	7.3	20.9	-2.3	3.6	-21.1	-37.3	-27.3	-31.9	-22.3	-0.4	-15.8	8.5	3.8	4.3	1	9.2	5.5	37.2	3.9	2	1.5	3.3	7.5	-20.5	-44.9	-12.2	-18.2	-30.4	153.4	6310.4
2015-10-01	46.6	49.5	2.3	1.4	1.5	1695	14995	1710	2317	1141.4	15.6	522	382.3	883.8	11.6	14.5	120.7	134.2	59.2	139.3	193.7	100.9	663.1	392.2	106.5	101.3	110.9	107	139.9	323.3	1001.6	989.3	873.5	303.4	401.1	456.2	349.9	750.3	195.6	-42.2	-42.3	-40.1	-35.2	-40.4	-15.7	-23.8	-25.9	-25.8	-2.6	-3.2	-2	1.5	-15.6	-3.3	-9.4	-35.8	0.4	-32.7	-17.8	-0.5	-11.7	9.9	4	7.9	2.9	13.2	10	41.3	1.6	1.4	0.8	8.9	-6.1	-17	-38.1	-13	-9	-28.1	144.6	6147.4
2015-11-01	41.7	44.5	2.2	1.4	1.3	1647	15050	1563	2145.1	1065.8	14.1	460	365	881	11.9	14.9	117.3	142.2	58.4	130.1	189.1	98.4	662	392.9	107.7	102.1	113.1	108.1	143.9	321.9	984.9	971.9	807.5	291.4	380	423.8	328.6	669.5	182.5	-37	-36.6	-45.3	-28.6	-40.1	-18.8	-25.7	-29.4	-29	-9.3	-9.3	-20.3	-2.9	-13.3	-3.5	-4.2	-37.2	-4.5	-35.3	-23	-3.8	-16.5	8.8	3.7	10	4.5	16.5	12.4	46.7	-1	-2.2	-2.9	-2.3	-12	-19.7	-32.7	-13.4	-17.4	-28.2	153.1	5949.6
2015-12-01	37	37.6	2.3	1.3	1.1	1793	14555	1609	2203.1	1060.2	13.8	470	358.8	871.3	11.6	15.2	126	140.2	59.8	135.8	189.8	99.8	674.7	395.8	108.3	103.1	115.5	109.1	146.8	324.2	994.1	977.7	780	284.6	379.3	384	337.2	679.7	176.1	-30.5	-34.4	-19.1	-11.7	-40.4	-3.5	-25	-26.1	-24.4	-10.5	-11.5	-20.3	-9.6	-14.5	0.6	4.8	-24.4	0.1	-26.4	-18	-2.4	-9.6	10.1	4.4	11.3	6.3	19.9	14.5	48.7	-1	-0.7	-1.6	-2.7	-15.3	-15.2	-26.7	-10.8	-16.4	-23.4	147.3	6108.9
2016-01-01	33.6	34.7	2.3	1.1	1.1	1718	14850	1623	2168.4	1116.4	14.2	479.3	372	882.3	11.4	13.2	116.5	132.4	65.8	135.3	180.9	87.2	687.7	397.3	110.3	103.9	117.5	109.9	151.9	312.8	962.7	946.2	744.4	293	370.4	359.7	326.3	693.8	166.8	-30.3	-34.5	-14.6	-22.1	-37.4	-7.6	-21.9	-23.6	-20.1	-12.7	-17.2	-4.7	0.5	-8.2	7.4	-11	-28.1	-5.5	-2.5	-12.6	-11	-21.6	10.4	4.4	13.9	7.8	22.7	16.2	53.9	-9.9	-8.9	-9.7	-13.5	-4.4	-13.9	-28.1	-7.7	-20.1	-23.8	151.1	6161.9
2016-02-01	33.8	36	1.7	1	1.1	1753	15800	1764	2244.1	1234.4	14.9	445	353.5	853	10.5	14.6	113.4	123	70	139.5	180.6	89.7	679.2	398.5	112.9	104.7	120.6	111.8	156.9	310.7	960.8	945.4	707.5	280.7	368.8	363.9	316.9	746.7	163.2	-32.2	-42.4	-37.4	-40.6	-53.2	1.4	-12	-14.6	-18.5	1.8	-9.8	-14	-8.1	-17.2	0.2	5	-17.5	1.7	3.7	-11.7	-11	-21.5	8.8	4.8	17.1	9.1	26.5	18.9	59.1	-7.5	-7.4	-8.2	-19.6	-12.3	-15	-36.8	-17.1	-10.1	-27.2	146.2	5976.7
2016-03-01	38.3	39.6	2	1.4	1.2	1705	16700	1817	2270.9	1234.2	15.5	473.5	351.5	910.8	9.7	15.4	127.7	145.8	68.4	132.9	197.8	100.2	692.4	401.4	116	106.8	125	115.2	161.6	340.8	1050.6	1035.3	782.4	290.1	387.8	402.1	326.7	766	170.5	-19.5	-28.2	-25.8	-19.9	-31	-6.3	0.6	-12.7	-17.4	4.3	-6.8	-7.5	-6.6	-6.4	-10.9	28.4	-3.8	17.9	9.5	-17.6	-1.7	-11.9	10.7	5.7	20.5	11.4	31.6	23.1	63.1	0.9	2.2	1.6	-7.1	-6.7	-7	-22.7	-14.2	-5.9	-19.5	170	6054.5
2016-04-01	45.9	48.1	2.2	1.6	1.4	1805	17220	1938.5	2414.3	1290.5	17.8	478	390.3	1021	10.8	16.2	120.6	127	77.9	123.1	197.1	102	686.8	402.5	118.3	109.5	128	117.4	162.4	334.1	1041.5	1028	789.1	313.9	409.1	458.5	347.5	841.6	184.6	-23	-27.9	-20.8	-22.7	-30.3	-14.5	7.5	-17.3	-17.8	9.1	10.3	2.4	7.7	4.3	8.1	24.8	-12.1	13.4	1.2	-22.8	-1.4	-21.4	7.7	4.8	22.2	14.2	34.3	25	61.3	4.5	4.4	4	-8.3	4.9	-4.6	-24.8	-13.7	4.4	-19.6	187	5776.6
2016-05-01	49.1	49.7	2.3	1.6	1.5	1700	16300	1923	2246.7	1214.8	16	464.5	404.8	1078.5	10.9	17.4	121.5	153.2	80.6	121.1	196.9	95.7	693	403.6	119.5	111.9	127.7	118.9	153.2	341	1047.7	1030	788.1	316.5	411.4	478.6	334.2	771.8	186.2	-18.6	-24.1	-13.4	-22.6	-23.4	-12.8	4.5	-12.1	-17.9	2.1	-4.3	-2.6	15.1	15.5	15	44.5	-3.9	34.2	-3.9	-20.5	0	-19.6	9	4.7	22.3	16.4	30.7	24.9	42.5	7.2	6.4	5.6	-5.7	9.3	-2.3	-20.7	-12.9	-4.7	-16.6	162.3	5825.8
2016-06-01	48.3	49.7	2.9	1.5	1.5	1788	17050	2104.5	2369.3	1320.6	18.6	431.3	358.8	1175	10.5	20.2	143.4	178	82.9	120	203.4	99.4	701.4	404.6	120.3	113.8	127.7	119.2	146.7	362.7	1095.9	1078.1	710.1	311.9	432.9	465.5	343.9	846.8	192.6	-18.7	-21.3	3.2	-28.1	-21.3	1.6	22.5	5.2	-8.9	12.7	19.5	-29.8	-13.3	11.2	3.3	65	9.5	55.1	8.7	-18.8	8.4	-11.9	8.7	5.1	21.6	17.4	27.3	22.5	26.8	19.5	16.6	15.8	-11.7	-10.8	-0.1	-21.1	-10.6	8.6	-15.2	167.8	6721.6
2016-07-01	41.6	42.5	2.9	1.3	1.3	1823	17850	2243	2427.9	1349	20.3	407.8	334.5	1032.5	9.9	19	145.4	175.9	69	113.1	211.9	104	693.8	406.6	120.7	116.2	127.3	119.4	140.9	376.3	1134.9	1116.8	756.7	281.3	420.5	405.5	370.8	914.7	181	-11.7	-18.1	5.9	-28.2	-19.4	7.1	9.5	17.1	-0.5	23.2	37.7	-18.3	-9.8	5.3	-13.6	70.1	15.4	42.6	-12.1	-22.4	9.3	-2.9	7.7	5.2	19.5	18.8	23.5	19.8	14	18.2	15.5	14.8	-11.2	-7	4.9	-17.1	4	26	-10.6	184	7013.8
2016-08-01	44.7	47	2.9	1.4	1.4	1904.5	18875	2310	2348.3	1307.9	18.6	361	301.5	960	9.2	20.1	145.1	183	62.9	112	205.3	105.2	692.1	409.1	123.5	119.9	131.2	121.1	136.8	362.2	1095.2	1076.3	754.6	265.9	412.4	434.2	338.2	854	180.2	-9.1	-11.4	7.4	-13.9	-15.7	10	32.9	27.7	-1.2	15.5	27.7	-25.2	-17.1	7	-22.6	88.4	19.9	41.3	-7.6	-23.1	13.1	9.7	4	5.6	19.9	21.1	24.2	18.7	4.2	21	17.9	17	-7.5	-9.9	3.1	-12.2	-3.4	15.8	-10.8	158	7172.2
2016-09-01	48.2	49.1	2.9	1.5	1.5	2123.5	20025	2377	2473.8	1313.3	19.1	402	336.8	954	9.9	22.6	151.3	205	49	98.9	203.4	104.6	694	410.3	127.8	124.1	132.7	123	134.1	354.8	1076.9	1059.4	739.1	276.2	418.5	467.7	355.5	858	186.3	7	1.3	15.1	7.1	1	27	29	40.8	4.3	17.7	31.9	-21.6	-13.2	7	-25.2	84.6	24.8	94.9	-33.3	-20.7	11.5	11.7	5.7	5.3	22.1	23.7	22.5	17.3	-2.5	16.7	14.2	13.7	-9.2	-9.3	7.6	4.4	3.4	21.3	-3.8	168.6	8841.1
2016-10-01	46.9	48.3	3	1.4	1.5	2065	20700	2458	2502.2	1273.1	17.8	416.3	354.8	1002.3	9.9	21.6	163.7	220	48	103.1	193.1	100.8	704.2	410.4	127.5	125.3	131.1	123.6	131.7	336	1009.4	995.1	658.1	288.7	422.5	458.7	357.1	812.2	186.3	0.6	-2.4	30.4	3.2	-0.3	21.8	38	43.7	8	11.5	14.1	-20.3	-7.2	13.4	-15.2	48.4	35.6	63.9	-19	-26	-0.3	-0.2	6.2	4.6	19.7	23.7	18.2	15.5	-5.9	3.9	0.8	0.6	-24.7	-4.9	5.3	0.6	2.1	8.3	-4.8	180.3	10658.8
2016-11-01	49.4	50.5	3.4	1.5	1.6	2365	21050	2702	2799.3	1170.8	16.4	380.5	336.8	1032.3	9.7	19.8	147.4	217.7	51	110.8	186.6	94.6	708.1	410.4	126.4	125.3	129	124	127.9	327.4	971.5	955.6	628.7	285.6	419.8	485.9	397.6	751.3	189.3	18.7	13.4	50	9.7	17.5	43.6	39.9	72.9	30.5	9.9	16.8	-17.3	-7.7	17.2	-18.5	32.7	25.7	53.1	-12.7	-14.8	-1.3	-3.9	7	4.4	17.4	22.7	14.1	14.7	-11.1	1.7	-1.4	-1.7	-22.1	-2	10.5	14.6	21	12.2	3.7	221	11432
2016-12-01	53.7	56.8	3.7	1.7	1.7	2016.5	21125	2576	2659.6	1151.7	15.9	408	352	996.5	9.4	19.6	137.3	196.4	66.2	119	190.1	93.5	719.1	413.5	125.9	124.1	126.5	124.1	123.5	339.8	1003.5	987.8	672	284.5	420.6	536.4	385.2	738.1	192.5	45	50.9	59.3	31.4	54.8	12.5	45.1	60.1	20.7	8.6	15.7	-13.2	-1.9	14.4	-19.1	29.1	9	40.1	10.6	-12.4	0.1	-6.3	6.6	4.5	16.3	20.4	9.5	13.7	-15.9	4.8	0.9	1	-13.8	0	10.9	39.7	14.2	8.6	9.3	262	14118.9
